ISO-10303-21;
HEADER;
FILE_DESCRIPTION(('ViewDefinition [CoordinationView]'),'2;1');
FILE_NAME('BassirTower.ifc','2026-09-07T21:42:20.183Z',('Bassir'),('Bassir Owner Eyes'),'Bassir IFC Generator','Bassir','');
FILE_SCHEMA(('IFC4'));
ENDSEC;
DATA;
#1=IFCPERSON($,'Bassir','Owner-Eyes',$,$,$,$,$);
#2=IFCORGANIZATION($,'Bassir','Owner Eyes Platform',$,$);
#3=IFCPERSONANDORGANIZATION(#1,#2,$);
#4=IFCAPPLICATION(#2,'1.0','Bassir IFC Generator','bassir-ifc');
#5=IFCOWNERHISTORY(#3,#4,$,.ADDED.,$,#3,#4,1788817340);
#6=IFCSIUNIT(*,.LENGTHUNIT.,$,.METRE.);
#7=IFCSIUNIT(*,.AREAUNIT.,$,.SQUARE_METRE.);
#8=IFCSIUNIT(*,.VOLUMEUNIT.,$,.CUBIC_METRE.);
#9=IFCSIUNIT(*,.PLANEANGLEUNIT.,.MILLI.,.RADIAN.);
#10=IFCUNITASSIGNMENT((#6,#7,#8,#9));
#11=IFCCARTESIANPOINT((0.,0.,0.));
#12=IFCDIRECTION((0.,0.,1.));
#13=IFCDIRECTION((1.,0.,0.));
#14=IFCAXIS2PLACEMENT3D(#11,#12,#13);
#15=IFCGEOMETRICREPRESENTATIONCONTEXT($,'Model',3,1.0E-5,#14,$);
#16=IFCCOLOURRGB('Concrete',0.72,0.72,0.74);
#17=IFCSURFACESTYLERENDERING(#16,0,$,$,$,$,$,$,.FLAT.);
#18=IFCSURFACESTYLE('Concrete',.BOTH.,(#17));
#19=IFCCOLOURRGB('Column',0.55,0.57,0.62);
#20=IFCSURFACESTYLERENDERING(#19,0,$,$,$,$,$,$,.FLAT.);
#21=IFCSURFACESTYLE('Column',.BOTH.,(#20));
#22=IFCCOLOURRGB('Glass',0.32,0.55,0.85);
#23=IFCSURFACESTYLERENDERING(#22,0.45,$,$,$,$,$,$,.FLAT.);
#24=IFCSURFACESTYLE('Glass',.BOTH.,(#23));
#25=IFCCOLOURRGB('Mullion',0.2,0.22,0.26);
#26=IFCSURFACESTYLERENDERING(#25,0,$,$,$,$,$,$,.FLAT.);
#27=IFCSURFACESTYLE('Mullion',.BOTH.,(#26));
#28=IFCCOLOURRGB('Core',0.66,0.6,0.42);
#29=IFCSURFACESTYLERENDERING(#28,0,$,$,$,$,$,$,.FLAT.);
#30=IFCSURFACESTYLE('Core',.BOTH.,(#29));
#31=IFCCARTESIANPOINT((0,0,0));
#32=IFCAXIS2PLACEMENT3D(#31,$,$);
#33=IFCLOCALPLACEMENT($,#32);
#34=IFCSITE('PCHLkQJ_IuHcFLgF3d4l3W',#5,'Site',$,$,#33,$,$,.ELEMENT.,$,$,$,$,$);
#35=IFCCARTESIANPOINT((0,0,0));
#36=IFCAXIS2PLACEMENT3D(#35,$,$);
#37=IFCLOCALPLACEMENT(#33,#36);
#38=IFCBUILDING('6jByLDEM6p0JsaqMzGHpWy',#5,'Bassir Commercial Tower',$,$,#37,$,$,.ELEMENT.,$,$,$);
#39=IFCCARTESIANPOINT((0,0,0));
#40=IFCAXIS2PLACEMENT3D(#39,$,$);
#41=IFCLOCALPLACEMENT(#37,#40);
#42=IFCBUILDINGSTOREY('YgphMHmuZkZeKzB6ov2LrY',#5,'Floor 1',$,$,#41,$,$,.ELEMENT.,0);
#43=IFCCARTESIANPOINT((0.,0.));
#44=IFCAXIS2PLACEMENT2D(#43,$);
#45=IFCRECTANGLEPROFILEDEF(.AREA.,$,#44,30,20);
#46=IFCCARTESIANPOINT((0.,0.,0.));
#47=IFCAXIS2PLACEMENT3D(#46,#12,#13);
#48=IFCEXTRUDEDAREASOLID(#45,#47,#12,0.3);
#49=IFCSTYLEDITEM(#48,(#18),$);
#50=IFCSHAPEREPRESENTATION(#15,'Body','SweptSolid',(#48));
#51=IFCPRODUCTDEFINITIONSHAPE($,$,(#50));
#52=IFCCARTESIANPOINT((0,0,0));
#53=IFCAXIS2PLACEMENT3D(#52,$,$);
#54=IFCLOCALPLACEMENT(#41,#53);
#55=IFCSLAB('6OTeYP_8PZPQqb6ZY$CdD8',#5,'Slab L1',$,$,#54,#51,$,.FLOOR.);
#56=IFCCARTESIANPOINT((0.,0.));
#57=IFCAXIS2PLACEMENT2D(#56,$);
#58=IFCRECTANGLEPROFILEDEF(.AREA.,$,#57,0.6,0.6);
#59=IFCCARTESIANPOINT((0.,0.,0.));
#60=IFCAXIS2PLACEMENT3D(#59,#12,#13);
#61=IFCEXTRUDEDAREASOLID(#58,#60,#12,3.7);
#62=IFCSTYLEDITEM(#61,(#21),$);
#63=IFCSHAPEREPRESENTATION(#15,'Body','SweptSolid',(#61));
#64=IFCPRODUCTDEFINITIONSHAPE($,$,(#63));
#65=IFCCARTESIANPOINT((-14,-9,0.3));
#66=IFCAXIS2PLACEMENT3D(#65,$,$);
#67=IFCLOCALPLACEMENT(#41,#66);
#68=IFCCOLUMN('iAMT_fzFHldBOvzjraKtIQ',#5,'Col L1',$,$,#67,#64,$,$);
#69=IFCCARTESIANPOINT((0.,0.));
#70=IFCAXIS2PLACEMENT2D(#69,$);
#71=IFCRECTANGLEPROFILEDEF(.AREA.,$,#70,0.6,0.6);
#72=IFCCARTESIANPOINT((0.,0.,0.));
#73=IFCAXIS2PLACEMENT3D(#72,#12,#13);
#74=IFCEXTRUDEDAREASOLID(#71,#73,#12,3.7);
#75=IFCSTYLEDITEM(#74,(#21),$);
#76=IFCSHAPEREPRESENTATION(#15,'Body','SweptSolid',(#74));
#77=IFCPRODUCTDEFINITIONSHAPE($,$,(#76));
#78=IFCCARTESIANPOINT((-14,0,0.3));
#79=IFCAXIS2PLACEMENT3D(#78,$,$);
#80=IFCLOCALPLACEMENT(#41,#79);
#81=IFCCOLUMN('$je7LDyow0VTx7GLs7PXsp',#5,'Col L1',$,$,#80,#77,$,$);
#82=IFCCARTESIANPOINT((0.,0.));
#83=IFCAXIS2PLACEMENT2D(#82,$);
#84=IFCRECTANGLEPROFILEDEF(.AREA.,$,#83,0.6,0.6);
#85=IFCCARTESIANPOINT((0.,0.,0.));
#86=IFCAXIS2PLACEMENT3D(#85,#12,#13);
#87=IFCEXTRUDEDAREASOLID(#84,#86,#12,3.7);
#88=IFCSTYLEDITEM(#87,(#21),$);
#89=IFCSHAPEREPRESENTATION(#15,'Body','SweptSolid',(#87));
#90=IFCPRODUCTDEFINITIONSHAPE($,$,(#89));
#91=IFCCARTESIANPOINT((-14,9,0.3));
#92=IFCAXIS2PLACEMENT3D(#91,$,$);
#93=IFCLOCALPLACEMENT(#41,#92);
#94=IFCCOLUMN('JWGjhTxj7ZrqUGHQbNEihM',#5,'Col L1',$,$,#93,#90,$,$);
#95=IFCCARTESIANPOINT((0.,0.));
#96=IFCAXIS2PLACEMENT2D(#95,$);
#97=IFCRECTANGLEPROFILEDEF(.AREA.,$,#96,0.6,0.6);
#98=IFCCARTESIANPOINT((0.,0.,0.));
#99=IFCAXIS2PLACEMENT3D(#98,#12,#13);
#100=IFCEXTRUDEDAREASOLID(#97,#99,#12,3.7);
#101=IFCSTYLEDITEM(#100,(#21),$);
#102=IFCSHAPEREPRESENTATION(#15,'Body','SweptSolid',(#100));
#103=IFCPRODUCTDEFINITIONSHAPE($,$,(#102));
#104=IFCCARTESIANPOINT((-5,-9,0.3));
#105=IFCAXIS2PLACEMENT3D(#104,$,$);
#106=IFCLOCALPLACEMENT(#41,#105);
#107=IFCCOLUMN('DhClUK8r0u0mx2T4XlurZX',#5,'Col L1',$,$,#106,#103,$,$);
#108=IFCCARTESIANPOINT((0.,0.));
#109=IFCAXIS2PLACEMENT2D(#108,$);
#110=IFCRECTANGLEPROFILEDEF(.AREA.,$,#109,0.6,0.6);
#111=IFCCARTESIANPOINT((0.,0.,0.));
#112=IFCAXIS2PLACEMENT3D(#111,#12,#13);
#113=IFCEXTRUDEDAREASOLID(#110,#112,#12,3.7);
#114=IFCSTYLEDITEM(#113,(#21),$);
#115=IFCSHAPEREPRESENTATION(#15,'Body','SweptSolid',(#113));
#116=IFCPRODUCTDEFINITIONSHAPE($,$,(#115));
#117=IFCCARTESIANPOINT((-5,0,0.3));
#118=IFCAXIS2PLACEMENT3D(#117,$,$);
#119=IFCLOCALPLACEMENT(#41,#118);
#120=IFCCOLUMN('ih8RtwPcvZMy71PfcrIhIN',#5,'Col L1',$,$,#119,#116,$,$);
#121=IFCCARTESIANPOINT((0.,0.));
#122=IFCAXIS2PLACEMENT2D(#121,$);
#123=IFCRECTANGLEPROFILEDEF(.AREA.,$,#122,0.6,0.6);
#124=IFCCARTESIANPOINT((0.,0.,0.));
#125=IFCAXIS2PLACEMENT3D(#124,#12,#13);
#126=IFCEXTRUDEDAREASOLID(#123,#125,#12,3.7);
#127=IFCSTYLEDITEM(#126,(#21),$);
#128=IFCSHAPEREPRESENTATION(#15,'Body','SweptSolid',(#126));
#129=IFCPRODUCTDEFINITIONSHAPE($,$,(#128));
#130=IFCCARTESIANPOINT((-5,9,0.3));
#131=IFCAXIS2PLACEMENT3D(#130,$,$);
#132=IFCLOCALPLACEMENT(#41,#131);
#133=IFCCOLUMN('1_ZNJt$_QjTUhwBomqBqE$',#5,'Col L1',$,$,#132,#129,$,$);
#134=IFCCARTESIANPOINT((0.,0.));
#135=IFCAXIS2PLACEMENT2D(#134,$);
#136=IFCRECTANGLEPROFILEDEF(.AREA.,$,#135,0.6,0.6);
#137=IFCCARTESIANPOINT((0.,0.,0.));
#138=IFCAXIS2PLACEMENT3D(#137,#12,#13);
#139=IFCEXTRUDEDAREASOLID(#136,#138,#12,3.7);
#140=IFCSTYLEDITEM(#139,(#21),$);
#141=IFCSHAPEREPRESENTATION(#15,'Body','SweptSolid',(#139));
#142=IFCPRODUCTDEFINITIONSHAPE($,$,(#141));
#143=IFCCARTESIANPOINT((5,-9,0.3));
#144=IFCAXIS2PLACEMENT3D(#143,$,$);
#145=IFCLOCALPLACEMENT(#41,#144);
#146=IFCCOLUMN('pNTjRg8Z7rh7Ah9y4hbKo$',#5,'Col L1',$,$,#145,#142,$,$);
#147=IFCCARTESIANPOINT((0.,0.));
#148=IFCAXIS2PLACEMENT2D(#147,$);
#149=IFCRECTANGLEPROFILEDEF(.AREA.,$,#148,0.6,0.6);
#150=IFCCARTESIANPOINT((0.,0.,0.));
#151=IFCAXIS2PLACEMENT3D(#150,#12,#13);
#152=IFCEXTRUDEDAREASOLID(#149,#151,#12,3.7);
#153=IFCSTYLEDITEM(#152,(#21),$);
#154=IFCSHAPEREPRESENTATION(#15,'Body','SweptSolid',(#152));
#155=IFCPRODUCTDEFINITIONSHAPE($,$,(#154));
#156=IFCCARTESIANPOINT((5,0,0.3));
#157=IFCAXIS2PLACEMENT3D(#156,$,$);
#158=IFCLOCALPLACEMENT(#41,#157);
#159=IFCCOLUMN('nbe8vxIBLD1_DsonyTuHnT',#5,'Col L1',$,$,#158,#155,$,$);
#160=IFCCARTESIANPOINT((0.,0.));
#161=IFCAXIS2PLACEMENT2D(#160,$);
#162=IFCRECTANGLEPROFILEDEF(.AREA.,$,#161,0.6,0.6);
#163=IFCCARTESIANPOINT((0.,0.,0.));
#164=IFCAXIS2PLACEMENT3D(#163,#12,#13);
#165=IFCEXTRUDEDAREASOLID(#162,#164,#12,3.7);
#166=IFCSTYLEDITEM(#165,(#21),$);
#167=IFCSHAPEREPRESENTATION(#15,'Body','SweptSolid',(#165));
#168=IFCPRODUCTDEFINITIONSHAPE($,$,(#167));
#169=IFCCARTESIANPOINT((5,9,0.3));
#170=IFCAXIS2PLACEMENT3D(#169,$,$);
#171=IFCLOCALPLACEMENT(#41,#170);
#172=IFCCOLUMN('xAuzl576crPLbG1eeDA_Pp',#5,'Col L1',$,$,#171,#168,$,$);
#173=IFCCARTESIANPOINT((0.,0.));
#174=IFCAXIS2PLACEMENT2D(#173,$);
#175=IFCRECTANGLEPROFILEDEF(.AREA.,$,#174,0.6,0.6);
#176=IFCCARTESIANPOINT((0.,0.,0.));
#177=IFCAXIS2PLACEMENT3D(#176,#12,#13);
#178=IFCEXTRUDEDAREASOLID(#175,#177,#12,3.7);
#179=IFCSTYLEDITEM(#178,(#21),$);
#180=IFCSHAPEREPRESENTATION(#15,'Body','SweptSolid',(#178));
#181=IFCPRODUCTDEFINITIONSHAPE($,$,(#180));
#182=IFCCARTESIANPOINT((14,-9,0.3));
#183=IFCAXIS2PLACEMENT3D(#182,$,$);
#184=IFCLOCALPLACEMENT(#41,#183);
#185=IFCCOLUMN('HNdrqzFTZd4v$NLSx_nfQZ',#5,'Col L1',$,$,#184,#181,$,$);
#186=IFCCARTESIANPOINT((0.,0.));
#187=IFCAXIS2PLACEMENT2D(#186,$);
#188=IFCRECTANGLEPROFILEDEF(.AREA.,$,#187,0.6,0.6);
#189=IFCCARTESIANPOINT((0.,0.,0.));
#190=IFCAXIS2PLACEMENT3D(#189,#12,#13);
#191=IFCEXTRUDEDAREASOLID(#188,#190,#12,3.7);
#192=IFCSTYLEDITEM(#191,(#21),$);
#193=IFCSHAPEREPRESENTATION(#15,'Body','SweptSolid',(#191));
#194=IFCPRODUCTDEFINITIONSHAPE($,$,(#193));
#195=IFCCARTESIANPOINT((14,0,0.3));
#196=IFCAXIS2PLACEMENT3D(#195,$,$);
#197=IFCLOCALPLACEMENT(#41,#196);
#198=IFCCOLUMN('6sFj5LuQk144G7qybNt3_V',#5,'Col L1',$,$,#197,#194,$,$);
#199=IFCCARTESIANPOINT((0.,0.));
#200=IFCAXIS2PLACEMENT2D(#199,$);
#201=IFCRECTANGLEPROFILEDEF(.AREA.,$,#200,0.6,0.6);
#202=IFCCARTESIANPOINT((0.,0.,0.));
#203=IFCAXIS2PLACEMENT3D(#202,#12,#13);
#204=IFCEXTRUDEDAREASOLID(#201,#203,#12,3.7);
#205=IFCSTYLEDITEM(#204,(#21),$);
#206=IFCSHAPEREPRESENTATION(#15,'Body','SweptSolid',(#204));
#207=IFCPRODUCTDEFINITIONSHAPE($,$,(#206));
#208=IFCCARTESIANPOINT((14,9,0.3));
#209=IFCAXIS2PLACEMENT3D(#208,$,$);
#210=IFCLOCALPLACEMENT(#41,#209);
#211=IFCCOLUMN('KO6XChxHHDBrQ7RMFWUA1O',#5,'Col L1',$,$,#210,#207,$,$);
#212=IFCCARTESIANPOINT((0.,0.));
#213=IFCAXIS2PLACEMENT2D(#212,$);
#214=IFCRECTANGLEPROFILEDEF(.AREA.,$,#213,6,0.3);
#215=IFCCARTESIANPOINT((0.,0.,0.));
#216=IFCAXIS2PLACEMENT3D(#215,#12,#13);
#217=IFCEXTRUDEDAREASOLID(#214,#216,#12,3.7);
#218=IFCSTYLEDITEM(#217,(#30),$);
#219=IFCSHAPEREPRESENTATION(#15,'Body','SweptSolid',(#217));
#220=IFCPRODUCTDEFINITIONSHAPE($,$,(#219));
#221=IFCCARTESIANPOINT((0,-2,0.3));
#222=IFCAXIS2PLACEMENT3D(#221,$,$);
#223=IFCLOCALPLACEMENT(#41,#222);
#224=IFCWALL('GXMSjidZ0ynERbJczdlgin',#5,'Core L1',$,$,#223,#220,$,$);
#225=IFCCARTESIANPOINT((0.,0.));
#226=IFCAXIS2PLACEMENT2D(#225,$);
#227=IFCRECTANGLEPROFILEDEF(.AREA.,$,#226,0.3,4);
#228=IFCCARTESIANPOINT((0.,0.,0.));
#229=IFCAXIS2PLACEMENT3D(#228,#12,#13);
#230=IFCEXTRUDEDAREASOLID(#227,#229,#12,3.7);
#231=IFCSTYLEDITEM(#230,(#30),$);
#232=IFCSHAPEREPRESENTATION(#15,'Body','SweptSolid',(#230));
#233=IFCPRODUCTDEFINITIONSHAPE($,$,(#232));
#234=IFCCARTESIANPOINT((-3,0,0.3));
#235=IFCAXIS2PLACEMENT3D(#234,$,$);
#236=IFCLOCALPLACEMENT(#41,#235);
#237=IFCWALL('DGPHjKYALGGRgJgv54tsqE',#5,'Core L1',$,$,#236,#233,$,$);
#238=IFCCARTESIANPOINT((0.,0.));
#239=IFCAXIS2PLACEMENT2D(#238,$);
#240=IFCRECTANGLEPROFILEDEF(.AREA.,$,#239,30,0.3);
#241=IFCCARTESIANPOINT((0.,0.,0.));
#242=IFCAXIS2PLACEMENT3D(#241,#12,#13);
#243=IFCEXTRUDEDAREASOLID(#240,#242,#12,3.7);
#244=IFCSTYLEDITEM(#243,(#18),$);
#245=IFCSHAPEREPRESENTATION(#15,'Body','SweptSolid',(#243));
#246=IFCPRODUCTDEFINITIONSHAPE($,$,(#245));
#247=IFCCARTESIANPOINT((0,9.85,0.3));
#248=IFCAXIS2PLACEMENT3D(#247,$,$);
#249=IFCLOCALPLACEMENT(#41,#248);
#250=IFCWALL('eS4N_oeMTeiMOgecPe5OoJ',#5,'Back L1',$,$,#249,#246,$,$);
#251=IFCCARTESIANPOINT((0.,0.));
#252=IFCAXIS2PLACEMENT2D(#251,$);
#253=IFCRECTANGLEPROFILEDEF(.AREA.,$,#252,0.3,20);
#254=IFCCARTESIANPOINT((0.,0.,0.));
#255=IFCAXIS2PLACEMENT3D(#254,#12,#13);
#256=IFCEXTRUDEDAREASOLID(#253,#255,#12,3.7);
#257=IFCSTYLEDITEM(#256,(#18),$);
#258=IFCSHAPEREPRESENTATION(#15,'Body','SweptSolid',(#256));
#259=IFCPRODUCTDEFINITIONSHAPE($,$,(#258));
#260=IFCCARTESIANPOINT((-14.85,0,0.3));
#261=IFCAXIS2PLACEMENT3D(#260,$,$);
#262=IFCLOCALPLACEMENT(#41,#261);
#263=IFCWALL('l$1enGwczSWrB3bYlroXT_',#5,'Side L1',$,$,#262,#259,$,$);
#264=IFCCARTESIANPOINT((0.,0.));
#265=IFCAXIS2PLACEMENT2D(#264,$);
#266=IFCRECTANGLEPROFILEDEF(.AREA.,$,#265,0.3,20);
#267=IFCCARTESIANPOINT((0.,0.,0.));
#268=IFCAXIS2PLACEMENT3D(#267,#12,#13);
#269=IFCEXTRUDEDAREASOLID(#266,#268,#12,3.7);
#270=IFCSTYLEDITEM(#269,(#18),$);
#271=IFCSHAPEREPRESENTATION(#15,'Body','SweptSolid',(#269));
#272=IFCPRODUCTDEFINITIONSHAPE($,$,(#271));
#273=IFCCARTESIANPOINT((14.85,0,0.3));
#274=IFCAXIS2PLACEMENT3D(#273,$,$);
#275=IFCLOCALPLACEMENT(#41,#274);
#276=IFCWALL('V$3klWI$nduOij4rO$q_sK',#5,'Side L1',$,$,#275,#272,$,$);
#277=IFCCARTESIANPOINT((0.,0.));
#278=IFCAXIS2PLACEMENT2D(#277,$);
#279=IFCRECTANGLEPROFILEDEF(.AREA.,$,#278,4.683333333333333,0.08);
#280=IFCCARTESIANPOINT((0.,0.,0.));
#281=IFCAXIS2PLACEMENT3D(#280,#12,#13);
#282=IFCEXTRUDEDAREASOLID(#279,#281,#12,3.3000000000000003);
#283=IFCSTYLEDITEM(#282,(#24),$);
#284=IFCSHAPEREPRESENTATION(#15,'Body','SweptSolid',(#282));
#285=IFCPRODUCTDEFINITIONSHAPE($,$,(#284));
#286=IFCCARTESIANPOINT((-12.083333333333334,-9.9,0.5));
#287=IFCAXIS2PLACEMENT3D(#286,$,$);
#288=IFCLOCALPLACEMENT(#41,#287);
#289=IFCWINDOW('mnAzVnjK4wdcQ6c$d5gzbO',#5,'Glazing L1',$,$,#288,#285,$,$,$);
#290=IFCCARTESIANPOINT((0.,0.));
#291=IFCAXIS2PLACEMENT2D(#290,$);
#292=IFCRECTANGLEPROFILEDEF(.AREA.,$,#291,0.12,0.15);
#293=IFCCARTESIANPOINT((0.,0.,0.));
#294=IFCAXIS2PLACEMENT3D(#293,#12,#13);
#295=IFCEXTRUDEDAREASOLID(#292,#294,#12,3.7);
#296=IFCSTYLEDITEM(#295,(#27),$);
#297=IFCSHAPEREPRESENTATION(#15,'Body','SweptSolid',(#295));
#298=IFCPRODUCTDEFINITIONSHAPE($,$,(#297));
#299=IFCCARTESIANPOINT((-14.5,-9.9,0.3));
#300=IFCAXIS2PLACEMENT3D(#299,$,$);
#301=IFCLOCALPLACEMENT(#41,#300);
#302=IFCPLATE('VmIzb4Ma9yR9b3SapE1AlU',#5,'Mullion L1',$,$,#301,#298,$,$);
#303=IFCCARTESIANPOINT((0.,0.));
#304=IFCAXIS2PLACEMENT2D(#303,$);
#305=IFCRECTANGLEPROFILEDEF(.AREA.,$,#304,4.683333333333333,0.08);
#306=IFCCARTESIANPOINT((0.,0.,0.));
#307=IFCAXIS2PLACEMENT3D(#306,#12,#13);
#308=IFCEXTRUDEDAREASOLID(#305,#307,#12,3.3000000000000003);
#309=IFCSTYLEDITEM(#308,(#24),$);
#310=IFCSHAPEREPRESENTATION(#15,'Body','SweptSolid',(#308));
#311=IFCPRODUCTDEFINITIONSHAPE($,$,(#310));
#312=IFCCARTESIANPOINT((-7.25,-9.9,0.5));
#313=IFCAXIS2PLACEMENT3D(#312,$,$);
#314=IFCLOCALPLACEMENT(#41,#313);
#315=IFCWINDOW('vBlXgN$U$gCFsesDgTrDXJ',#5,'Glazing L1',$,$,#314,#311,$,$,$);
#316=IFCCARTESIANPOINT((0.,0.));
#317=IFCAXIS2PLACEMENT2D(#316,$);
#318=IFCRECTANGLEPROFILEDEF(.AREA.,$,#317,0.12,0.15);
#319=IFCCARTESIANPOINT((0.,0.,0.));
#320=IFCAXIS2PLACEMENT3D(#319,#12,#13);
#321=IFCEXTRUDEDAREASOLID(#318,#320,#12,3.7);
#322=IFCSTYLEDITEM(#321,(#27),$);
#323=IFCSHAPEREPRESENTATION(#15,'Body','SweptSolid',(#321));
#324=IFCPRODUCTDEFINITIONSHAPE($,$,(#323));
#325=IFCCARTESIANPOINT((-9.666666666666668,-9.9,0.3));
#326=IFCAXIS2PLACEMENT3D(#325,$,$);
#327=IFCLOCALPLACEMENT(#41,#326);
#328=IFCPLATE('VMSOLwrnlnoZerUZFmBH8U',#5,'Mullion L1',$,$,#327,#324,$,$);
#329=IFCCARTESIANPOINT((0.,0.));
#330=IFCAXIS2PLACEMENT2D(#329,$);
#331=IFCRECTANGLEPROFILEDEF(.AREA.,$,#330,4.683333333333333,0.08);
#332=IFCCARTESIANPOINT((0.,0.,0.));
#333=IFCAXIS2PLACEMENT3D(#332,#12,#13);
#334=IFCEXTRUDEDAREASOLID(#331,#333,#12,3.3000000000000003);
#335=IFCSTYLEDITEM(#334,(#24),$);
#336=IFCSHAPEREPRESENTATION(#15,'Body','SweptSolid',(#334));
#337=IFCPRODUCTDEFINITIONSHAPE($,$,(#336));
#338=IFCCARTESIANPOINT((-2.416666666666668,-9.9,0.5));
#339=IFCAXIS2PLACEMENT3D(#338,$,$);
#340=IFCLOCALPLACEMENT(#41,#339);
#341=IFCWINDOW('hw7xslEjfrBa1w68rwbxTw',#5,'Glazing L1',$,$,#340,#337,$,$,$);
#342=IFCCARTESIANPOINT((0.,0.));
#343=IFCAXIS2PLACEMENT2D(#342,$);
#344=IFCRECTANGLEPROFILEDEF(.AREA.,$,#343,0.12,0.15);
#345=IFCCARTESIANPOINT((0.,0.,0.));
#346=IFCAXIS2PLACEMENT3D(#345,#12,#13);
#347=IFCEXTRUDEDAREASOLID(#344,#346,#12,3.7);
#348=IFCSTYLEDITEM(#347,(#27),$);
#349=IFCSHAPEREPRESENTATION(#15,'Body','SweptSolid',(#347));
#350=IFCPRODUCTDEFINITIONSHAPE($,$,(#349));
#351=IFCCARTESIANPOINT((-4.833333333333334,-9.9,0.3));
#352=IFCAXIS2PLACEMENT3D(#351,$,$);
#353=IFCLOCALPLACEMENT(#41,#352);
#354=IFCPLATE('4j7SGRGJr4EMJY3dW__W22',#5,'Mullion L1',$,$,#353,#350,$,$);
#355=IFCCARTESIANPOINT((0.,0.));
#356=IFCAXIS2PLACEMENT2D(#355,$);
#357=IFCRECTANGLEPROFILEDEF(.AREA.,$,#356,4.683333333333333,0.08);
#358=IFCCARTESIANPOINT((0.,0.,0.));
#359=IFCAXIS2PLACEMENT3D(#358,#12,#13);
#360=IFCEXTRUDEDAREASOLID(#357,#359,#12,3.3000000000000003);
#361=IFCSTYLEDITEM(#360,(#24),$);
#362=IFCSHAPEREPRESENTATION(#15,'Body','SweptSolid',(#360));
#363=IFCPRODUCTDEFINITIONSHAPE($,$,(#362));
#364=IFCCARTESIANPOINT((2.4166666666666643,-9.9,0.5));
#365=IFCAXIS2PLACEMENT3D(#364,$,$);
#366=IFCLOCALPLACEMENT(#41,#365);
#367=IFCWINDOW('OkRu9VgrAAFmvBb8Quww_m',#5,'Glazing L1',$,$,#366,#363,$,$,$);
#368=IFCCARTESIANPOINT((0.,0.));
#369=IFCAXIS2PLACEMENT2D(#368,$);
#370=IFCRECTANGLEPROFILEDEF(.AREA.,$,#369,0.12,0.15);
#371=IFCCARTESIANPOINT((0.,0.,0.));
#372=IFCAXIS2PLACEMENT3D(#371,#12,#13);
#373=IFCEXTRUDEDAREASOLID(#370,#372,#12,3.7);
#374=IFCSTYLEDITEM(#373,(#27),$);
#375=IFCSHAPEREPRESENTATION(#15,'Body','SweptSolid',(#373));
#376=IFCPRODUCTDEFINITIONSHAPE($,$,(#375));
#377=IFCCARTESIANPOINT((0,-9.9,0.3));
#378=IFCAXIS2PLACEMENT3D(#377,$,$);
#379=IFCLOCALPLACEMENT(#41,#378);
#380=IFCPLATE('hDh$xQCXMf0WGfX1sYxnDF',#5,'Mullion L1',$,$,#379,#376,$,$);
#381=IFCCARTESIANPOINT((0.,0.));
#382=IFCAXIS2PLACEMENT2D(#381,$);
#383=IFCRECTANGLEPROFILEDEF(.AREA.,$,#382,4.683333333333333,0.08);
#384=IFCCARTESIANPOINT((0.,0.,0.));
#385=IFCAXIS2PLACEMENT3D(#384,#12,#13);
#386=IFCEXTRUDEDAREASOLID(#383,#385,#12,3.3000000000000003);
#387=IFCSTYLEDITEM(#386,(#24),$);
#388=IFCSHAPEREPRESENTATION(#15,'Body','SweptSolid',(#386));
#389=IFCPRODUCTDEFINITIONSHAPE($,$,(#388));
#390=IFCCARTESIANPOINT((7.25,-9.9,0.5));
#391=IFCAXIS2PLACEMENT3D(#390,$,$);
#392=IFCLOCALPLACEMENT(#41,#391);
#393=IFCWINDOW('rBKXOIZYBE6k$lehNyDle9',#5,'Glazing L1',$,$,#392,#389,$,$,$);
#394=IFCCARTESIANPOINT((0.,0.));
#395=IFCAXIS2PLACEMENT2D(#394,$);
#396=IFCRECTANGLEPROFILEDEF(.AREA.,$,#395,0.12,0.15);
#397=IFCCARTESIANPOINT((0.,0.,0.));
#398=IFCAXIS2PLACEMENT3D(#397,#12,#13);
#399=IFCEXTRUDEDAREASOLID(#396,#398,#12,3.7);
#400=IFCSTYLEDITEM(#399,(#27),$);
#401=IFCSHAPEREPRESENTATION(#15,'Body','SweptSolid',(#399));
#402=IFCPRODUCTDEFINITIONSHAPE($,$,(#401));
#403=IFCCARTESIANPOINT((4.833333333333332,-9.9,0.3));
#404=IFCAXIS2PLACEMENT3D(#403,$,$);
#405=IFCLOCALPLACEMENT(#41,#404);
#406=IFCPLATE('Ri23XSav73MWiaKOXaENIm',#5,'Mullion L1',$,$,#405,#402,$,$);
#407=IFCCARTESIANPOINT((0.,0.));
#408=IFCAXIS2PLACEMENT2D(#407,$);
#409=IFCRECTANGLEPROFILEDEF(.AREA.,$,#408,4.683333333333333,0.08);
#410=IFCCARTESIANPOINT((0.,0.,0.));
#411=IFCAXIS2PLACEMENT3D(#410,#12,#13);
#412=IFCEXTRUDEDAREASOLID(#409,#411,#12,3.3000000000000003);
#413=IFCSTYLEDITEM(#412,(#24),$);
#414=IFCSHAPEREPRESENTATION(#15,'Body','SweptSolid',(#412));
#415=IFCPRODUCTDEFINITIONSHAPE($,$,(#414));
#416=IFCCARTESIANPOINT((12.083333333333332,-9.9,0.5));
#417=IFCAXIS2PLACEMENT3D(#416,$,$);
#418=IFCLOCALPLACEMENT(#41,#417);
#419=IFCWINDOW('tDPNbh8CaNNe1IPM8FONHI',#5,'Glazing L1',$,$,#418,#415,$,$,$);
#420=IFCCARTESIANPOINT((0.,0.));
#421=IFCAXIS2PLACEMENT2D(#420,$);
#422=IFCRECTANGLEPROFILEDEF(.AREA.,$,#421,0.12,0.15);
#423=IFCCARTESIANPOINT((0.,0.,0.));
#424=IFCAXIS2PLACEMENT3D(#423,#12,#13);
#425=IFCEXTRUDEDAREASOLID(#422,#424,#12,3.7);
#426=IFCSTYLEDITEM(#425,(#27),$);
#427=IFCSHAPEREPRESENTATION(#15,'Body','SweptSolid',(#425));
#428=IFCPRODUCTDEFINITIONSHAPE($,$,(#427));
#429=IFCCARTESIANPOINT((9.666666666666664,-9.9,0.3));
#430=IFCAXIS2PLACEMENT3D(#429,$,$);
#431=IFCLOCALPLACEMENT(#41,#430);
#432=IFCPLATE('bI1RtjChrbC_Czn4WwPBeD',#5,'Mullion L1',$,$,#431,#428,$,$);
#433=IFCCARTESIANPOINT((0.,0.));
#434=IFCAXIS2PLACEMENT2D(#433,$);
#435=IFCRECTANGLEPROFILEDEF(.AREA.,$,#434,29,0.15);
#436=IFCCARTESIANPOINT((0.,0.,0.));
#437=IFCAXIS2PLACEMENT3D(#436,#12,#13);
#438=IFCEXTRUDEDAREASOLID(#435,#437,#12,0.4);
#439=IFCSTYLEDITEM(#438,(#18),$);
#440=IFCSHAPEREPRESENTATION(#15,'Body','SweptSolid',(#438));
#441=IFCPRODUCTDEFINITIONSHAPE($,$,(#440));
#442=IFCCARTESIANPOINT((0,-9.9,0.3));
#443=IFCAXIS2PLACEMENT3D(#442,$,$);
#444=IFCLOCALPLACEMENT(#41,#443);
#445=IFCPLATE('VWokyvNGqqADReTpXll_wa',#5,'Spandrel L1',$,$,#444,#441,$,$);
#446=IFCCARTESIANPOINT((0,0,4));
#447=IFCAXIS2PLACEMENT3D(#446,$,$);
#448=IFCLOCALPLACEMENT(#37,#447);
#449=IFCBUILDINGSTOREY('a3Rwut4dsEzxOZAnXm8ctu',#5,'Floor 2',$,$,#448,$,$,.ELEMENT.,4);
#450=IFCCARTESIANPOINT((0.,0.));
#451=IFCAXIS2PLACEMENT2D(#450,$);
#452=IFCRECTANGLEPROFILEDEF(.AREA.,$,#451,30,20);
#453=IFCCARTESIANPOINT((0.,0.,0.));
#454=IFCAXIS2PLACEMENT3D(#453,#12,#13);
#455=IFCEXTRUDEDAREASOLID(#452,#454,#12,0.3);
#456=IFCSTYLEDITEM(#455,(#18),$);
#457=IFCSHAPEREPRESENTATION(#15,'Body','SweptSolid',(#455));
#458=IFCPRODUCTDEFINITIONSHAPE($,$,(#457));
#459=IFCCARTESIANPOINT((0,0,4));
#460=IFCAXIS2PLACEMENT3D(#459,$,$);
#461=IFCLOCALPLACEMENT(#448,#460);
#462=IFCSLAB('YdbVCl$G0WnIKXEHfEcxoT',#5,'Slab L2',$,$,#461,#458,$,.FLOOR.);
#463=IFCCARTESIANPOINT((0.,0.));
#464=IFCAXIS2PLACEMENT2D(#463,$);
#465=IFCRECTANGLEPROFILEDEF(.AREA.,$,#464,0.6,0.6);
#466=IFCCARTESIANPOINT((0.,0.,0.));
#467=IFCAXIS2PLACEMENT3D(#466,#12,#13);
#468=IFCEXTRUDEDAREASOLID(#465,#467,#12,3.7);
#469=IFCSTYLEDITEM(#468,(#21),$);
#470=IFCSHAPEREPRESENTATION(#15,'Body','SweptSolid',(#468));
#471=IFCPRODUCTDEFINITIONSHAPE($,$,(#470));
#472=IFCCARTESIANPOINT((-14,-9,4.3));
#473=IFCAXIS2PLACEMENT3D(#472,$,$);
#474=IFCLOCALPLACEMENT(#448,#473);
#475=IFCCOLUMN('qH8YDwttB09jBYSRo9EF1w',#5,'Col L2',$,$,#474,#471,$,$);
#476=IFCCARTESIANPOINT((0.,0.));
#477=IFCAXIS2PLACEMENT2D(#476,$);
#478=IFCRECTANGLEPROFILEDEF(.AREA.,$,#477,0.6,0.6);
#479=IFCCARTESIANPOINT((0.,0.,0.));
#480=IFCAXIS2PLACEMENT3D(#479,#12,#13);
#481=IFCEXTRUDEDAREASOLID(#478,#480,#12,3.7);
#482=IFCSTYLEDITEM(#481,(#21),$);
#483=IFCSHAPEREPRESENTATION(#15,'Body','SweptSolid',(#481));
#484=IFCPRODUCTDEFINITIONSHAPE($,$,(#483));
#485=IFCCARTESIANPOINT((-14,0,4.3));
#486=IFCAXIS2PLACEMENT3D(#485,$,$);
#487=IFCLOCALPLACEMENT(#448,#486);
#488=IFCCOLUMN('TCHEtbEsQoYBT17s5xNGPY',#5,'Col L2',$,$,#487,#484,$,$);
#489=IFCCARTESIANPOINT((0.,0.));
#490=IFCAXIS2PLACEMENT2D(#489,$);
#491=IFCRECTANGLEPROFILEDEF(.AREA.,$,#490,0.6,0.6);
#492=IFCCARTESIANPOINT((0.,0.,0.));
#493=IFCAXIS2PLACEMENT3D(#492,#12,#13);
#494=IFCEXTRUDEDAREASOLID(#491,#493,#12,3.7);
#495=IFCSTYLEDITEM(#494,(#21),$);
#496=IFCSHAPEREPRESENTATION(#15,'Body','SweptSolid',(#494));
#497=IFCPRODUCTDEFINITIONSHAPE($,$,(#496));
#498=IFCCARTESIANPOINT((-14,9,4.3));
#499=IFCAXIS2PLACEMENT3D(#498,$,$);
#500=IFCLOCALPLACEMENT(#448,#499);
#501=IFCCOLUMN('B4Ylic3rhLxZVr$N_djVuy',#5,'Col L2',$,$,#500,#497,$,$);
#502=IFCCARTESIANPOINT((0.,0.));
#503=IFCAXIS2PLACEMENT2D(#502,$);
#504=IFCRECTANGLEPROFILEDEF(.AREA.,$,#503,0.6,0.6);
#505=IFCCARTESIANPOINT((0.,0.,0.));
#506=IFCAXIS2PLACEMENT3D(#505,#12,#13);
#507=IFCEXTRUDEDAREASOLID(#504,#506,#12,3.7);
#508=IFCSTYLEDITEM(#507,(#21),$);
#509=IFCSHAPEREPRESENTATION(#15,'Body','SweptSolid',(#507));
#510=IFCPRODUCTDEFINITIONSHAPE($,$,(#509));
#511=IFCCARTESIANPOINT((-5,-9,4.3));
#512=IFCAXIS2PLACEMENT3D(#511,$,$);
#513=IFCLOCALPLACEMENT(#448,#512);
#514=IFCCOLUMN('ulk8oiJIyB9KQCgOreZC5T',#5,'Col L2',$,$,#513,#510,$,$);
#515=IFCCARTESIANPOINT((0.,0.));
#516=IFCAXIS2PLACEMENT2D(#515,$);
#517=IFCRECTANGLEPROFILEDEF(.AREA.,$,#516,0.6,0.6);
#518=IFCCARTESIANPOINT((0.,0.,0.));
#519=IFCAXIS2PLACEMENT3D(#518,#12,#13);
#520=IFCEXTRUDEDAREASOLID(#517,#519,#12,3.7);
#521=IFCSTYLEDITEM(#520,(#21),$);
#522=IFCSHAPEREPRESENTATION(#15,'Body','SweptSolid',(#520));
#523=IFCPRODUCTDEFINITIONSHAPE($,$,(#522));
#524=IFCCARTESIANPOINT((-5,0,4.3));
#525=IFCAXIS2PLACEMENT3D(#524,$,$);
#526=IFCLOCALPLACEMENT(#448,#525);
#527=IFCCOLUMN('6kBaPKjAag_TVqxsSkocOV',#5,'Col L2',$,$,#526,#523,$,$);
#528=IFCCARTESIANPOINT((0.,0.));
#529=IFCAXIS2PLACEMENT2D(#528,$);
#530=IFCRECTANGLEPROFILEDEF(.AREA.,$,#529,0.6,0.6);
#531=IFCCARTESIANPOINT((0.,0.,0.));
#532=IFCAXIS2PLACEMENT3D(#531,#12,#13);
#533=IFCEXTRUDEDAREASOLID(#530,#532,#12,3.7);
#534=IFCSTYLEDITEM(#533,(#21),$);
#535=IFCSHAPEREPRESENTATION(#15,'Body','SweptSolid',(#533));
#536=IFCPRODUCTDEFINITIONSHAPE($,$,(#535));
#537=IFCCARTESIANPOINT((-5,9,4.3));
#538=IFCAXIS2PLACEMENT3D(#537,$,$);
#539=IFCLOCALPLACEMENT(#448,#538);
#540=IFCCOLUMN('6NcKf9HKwr_Y0S30JAcSn5',#5,'Col L2',$,$,#539,#536,$,$);
#541=IFCCARTESIANPOINT((0.,0.));
#542=IFCAXIS2PLACEMENT2D(#541,$);
#543=IFCRECTANGLEPROFILEDEF(.AREA.,$,#542,0.6,0.6);
#544=IFCCARTESIANPOINT((0.,0.,0.));
#545=IFCAXIS2PLACEMENT3D(#544,#12,#13);
#546=IFCEXTRUDEDAREASOLID(#543,#545,#12,3.7);
#547=IFCSTYLEDITEM(#546,(#21),$);
#548=IFCSHAPEREPRESENTATION(#15,'Body','SweptSolid',(#546));
#549=IFCPRODUCTDEFINITIONSHAPE($,$,(#548));
#550=IFCCARTESIANPOINT((5,-9,4.3));
#551=IFCAXIS2PLACEMENT3D(#550,$,$);
#552=IFCLOCALPLACEMENT(#448,#551);
#553=IFCCOLUMN('$oPWLva_AGM4L4iGupbsI8',#5,'Col L2',$,$,#552,#549,$,$);
#554=IFCCARTESIANPOINT((0.,0.));
#555=IFCAXIS2PLACEMENT2D(#554,$);
#556=IFCRECTANGLEPROFILEDEF(.AREA.,$,#555,0.6,0.6);
#557=IFCCARTESIANPOINT((0.,0.,0.));
#558=IFCAXIS2PLACEMENT3D(#557,#12,#13);
#559=IFCEXTRUDEDAREASOLID(#556,#558,#12,3.7);
#560=IFCSTYLEDITEM(#559,(#21),$);
#561=IFCSHAPEREPRESENTATION(#15,'Body','SweptSolid',(#559));
#562=IFCPRODUCTDEFINITIONSHAPE($,$,(#561));
#563=IFCCARTESIANPOINT((5,0,4.3));
#564=IFCAXIS2PLACEMENT3D(#563,$,$);
#565=IFCLOCALPLACEMENT(#448,#564);
#566=IFCCOLUMN('e_HMZTJ6rDnwmGk7IVctBK',#5,'Col L2',$,$,#565,#562,$,$);
#567=IFCCARTESIANPOINT((0.,0.));
#568=IFCAXIS2PLACEMENT2D(#567,$);
#569=IFCRECTANGLEPROFILEDEF(.AREA.,$,#568,0.6,0.6);
#570=IFCCARTESIANPOINT((0.,0.,0.));
#571=IFCAXIS2PLACEMENT3D(#570,#12,#13);
#572=IFCEXTRUDEDAREASOLID(#569,#571,#12,3.7);
#573=IFCSTYLEDITEM(#572,(#21),$);
#574=IFCSHAPEREPRESENTATION(#15,'Body','SweptSolid',(#572));
#575=IFCPRODUCTDEFINITIONSHAPE($,$,(#574));
#576=IFCCARTESIANPOINT((5,9,4.3));
#577=IFCAXIS2PLACEMENT3D(#576,$,$);
#578=IFCLOCALPLACEMENT(#448,#577);
#579=IFCCOLUMN('20x_LfnWnJ7lhj6I9SSgxv',#5,'Col L2',$,$,#578,#575,$,$);
#580=IFCCARTESIANPOINT((0.,0.));
#581=IFCAXIS2PLACEMENT2D(#580,$);
#582=IFCRECTANGLEPROFILEDEF(.AREA.,$,#581,0.6,0.6);
#583=IFCCARTESIANPOINT((0.,0.,0.));
#584=IFCAXIS2PLACEMENT3D(#583,#12,#13);
#585=IFCEXTRUDEDAREASOLID(#582,#584,#12,3.7);
#586=IFCSTYLEDITEM(#585,(#21),$);
#587=IFCSHAPEREPRESENTATION(#15,'Body','SweptSolid',(#585));
#588=IFCPRODUCTDEFINITIONSHAPE($,$,(#587));
#589=IFCCARTESIANPOINT((14,-9,4.3));
#590=IFCAXIS2PLACEMENT3D(#589,$,$);
#591=IFCLOCALPLACEMENT(#448,#590);
#592=IFCCOLUMN('NnLxEXUimlzPE6YkTqMWxQ',#5,'Col L2',$,$,#591,#588,$,$);
#593=IFCCARTESIANPOINT((0.,0.));
#594=IFCAXIS2PLACEMENT2D(#593,$);
#595=IFCRECTANGLEPROFILEDEF(.AREA.,$,#594,0.6,0.6);
#596=IFCCARTESIANPOINT((0.,0.,0.));
#597=IFCAXIS2PLACEMENT3D(#596,#12,#13);
#598=IFCEXTRUDEDAREASOLID(#595,#597,#12,3.7);
#599=IFCSTYLEDITEM(#598,(#21),$);
#600=IFCSHAPEREPRESENTATION(#15,'Body','SweptSolid',(#598));
#601=IFCPRODUCTDEFINITIONSHAPE($,$,(#600));
#602=IFCCARTESIANPOINT((14,0,4.3));
#603=IFCAXIS2PLACEMENT3D(#602,$,$);
#604=IFCLOCALPLACEMENT(#448,#603);
#605=IFCCOLUMN('OnRvRxM7pdV4n$OtFmUpLs',#5,'Col L2',$,$,#604,#601,$,$);
#606=IFCCARTESIANPOINT((0.,0.));
#607=IFCAXIS2PLACEMENT2D(#606,$);
#608=IFCRECTANGLEPROFILEDEF(.AREA.,$,#607,0.6,0.6);
#609=IFCCARTESIANPOINT((0.,0.,0.));
#610=IFCAXIS2PLACEMENT3D(#609,#12,#13);
#611=IFCEXTRUDEDAREASOLID(#608,#610,#12,3.7);
#612=IFCSTYLEDITEM(#611,(#21),$);
#613=IFCSHAPEREPRESENTATION(#15,'Body','SweptSolid',(#611));
#614=IFCPRODUCTDEFINITIONSHAPE($,$,(#613));
#615=IFCCARTESIANPOINT((14,9,4.3));
#616=IFCAXIS2PLACEMENT3D(#615,$,$);
#617=IFCLOCALPLACEMENT(#448,#616);
#618=IFCCOLUMN('ILNxPo6PYDjrcY7kqyAcGD',#5,'Col L2',$,$,#617,#614,$,$);
#619=IFCCARTESIANPOINT((0.,0.));
#620=IFCAXIS2PLACEMENT2D(#619,$);
#621=IFCRECTANGLEPROFILEDEF(.AREA.,$,#620,6,0.3);
#622=IFCCARTESIANPOINT((0.,0.,0.));
#623=IFCAXIS2PLACEMENT3D(#622,#12,#13);
#624=IFCEXTRUDEDAREASOLID(#621,#623,#12,3.7);
#625=IFCSTYLEDITEM(#624,(#30),$);
#626=IFCSHAPEREPRESENTATION(#15,'Body','SweptSolid',(#624));
#627=IFCPRODUCTDEFINITIONSHAPE($,$,(#626));
#628=IFCCARTESIANPOINT((0,-2,4.3));
#629=IFCAXIS2PLACEMENT3D(#628,$,$);
#630=IFCLOCALPLACEMENT(#448,#629);
#631=IFCWALL('vnmytWgJiUNfASys1SL_4e',#5,'Core L2',$,$,#630,#627,$,$);
#632=IFCCARTESIANPOINT((0.,0.));
#633=IFCAXIS2PLACEMENT2D(#632,$);
#634=IFCRECTANGLEPROFILEDEF(.AREA.,$,#633,0.3,4);
#635=IFCCARTESIANPOINT((0.,0.,0.));
#636=IFCAXIS2PLACEMENT3D(#635,#12,#13);
#637=IFCEXTRUDEDAREASOLID(#634,#636,#12,3.7);
#638=IFCSTYLEDITEM(#637,(#30),$);
#639=IFCSHAPEREPRESENTATION(#15,'Body','SweptSolid',(#637));
#640=IFCPRODUCTDEFINITIONSHAPE($,$,(#639));
#641=IFCCARTESIANPOINT((-3,0,4.3));
#642=IFCAXIS2PLACEMENT3D(#641,$,$);
#643=IFCLOCALPLACEMENT(#448,#642);
#644=IFCWALL('xxoO$a$GjZexrqkTmhJStI',#5,'Core L2',$,$,#643,#640,$,$);
#645=IFCCARTESIANPOINT((0.,0.));
#646=IFCAXIS2PLACEMENT2D(#645,$);
#647=IFCRECTANGLEPROFILEDEF(.AREA.,$,#646,30,0.3);
#648=IFCCARTESIANPOINT((0.,0.,0.));
#649=IFCAXIS2PLACEMENT3D(#648,#12,#13);
#650=IFCEXTRUDEDAREASOLID(#647,#649,#12,3.7);
#651=IFCSTYLEDITEM(#650,(#18),$);
#652=IFCSHAPEREPRESENTATION(#15,'Body','SweptSolid',(#650));
#653=IFCPRODUCTDEFINITIONSHAPE($,$,(#652));
#654=IFCCARTESIANPOINT((0,9.85,4.3));
#655=IFCAXIS2PLACEMENT3D(#654,$,$);
#656=IFCLOCALPLACEMENT(#448,#655);
#657=IFCWALL('RmOaUNH2G1G_YONxx0WUwm',#5,'Back L2',$,$,#656,#653,$,$);
#658=IFCCARTESIANPOINT((0.,0.));
#659=IFCAXIS2PLACEMENT2D(#658,$);
#660=IFCRECTANGLEPROFILEDEF(.AREA.,$,#659,0.3,20);
#661=IFCCARTESIANPOINT((0.,0.,0.));
#662=IFCAXIS2PLACEMENT3D(#661,#12,#13);
#663=IFCEXTRUDEDAREASOLID(#660,#662,#12,3.7);
#664=IFCSTYLEDITEM(#663,(#18),$);
#665=IFCSHAPEREPRESENTATION(#15,'Body','SweptSolid',(#663));
#666=IFCPRODUCTDEFINITIONSHAPE($,$,(#665));
#667=IFCCARTESIANPOINT((-14.85,0,4.3));
#668=IFCAXIS2PLACEMENT3D(#667,$,$);
#669=IFCLOCALPLACEMENT(#448,#668);
#670=IFCWALL('nM_kjgPtxg9vCe0ABiVRYr',#5,'Side L2',$,$,#669,#666,$,$);
#671=IFCCARTESIANPOINT((0.,0.));
#672=IFCAXIS2PLACEMENT2D(#671,$);
#673=IFCRECTANGLEPROFILEDEF(.AREA.,$,#672,0.3,20);
#674=IFCCARTESIANPOINT((0.,0.,0.));
#675=IFCAXIS2PLACEMENT3D(#674,#12,#13);
#676=IFCEXTRUDEDAREASOLID(#673,#675,#12,3.7);
#677=IFCSTYLEDITEM(#676,(#18),$);
#678=IFCSHAPEREPRESENTATION(#15,'Body','SweptSolid',(#676));
#679=IFCPRODUCTDEFINITIONSHAPE($,$,(#678));
#680=IFCCARTESIANPOINT((14.85,0,4.3));
#681=IFCAXIS2PLACEMENT3D(#680,$,$);
#682=IFCLOCALPLACEMENT(#448,#681);
#683=IFCWALL('0Y7IajIuEhd7BfNxUaMuKc',#5,'Side L2',$,$,#682,#679,$,$);
#684=IFCCARTESIANPOINT((0.,0.));
#685=IFCAXIS2PLACEMENT2D(#684,$);
#686=IFCRECTANGLEPROFILEDEF(.AREA.,$,#685,4.683333333333333,0.08);
#687=IFCCARTESIANPOINT((0.,0.,0.));
#688=IFCAXIS2PLACEMENT3D(#687,#12,#13);
#689=IFCEXTRUDEDAREASOLID(#686,#688,#12,3.3000000000000003);
#690=IFCSTYLEDITEM(#689,(#24),$);
#691=IFCSHAPEREPRESENTATION(#15,'Body','SweptSolid',(#689));
#692=IFCPRODUCTDEFINITIONSHAPE($,$,(#691));
#693=IFCCARTESIANPOINT((-12.083333333333334,-9.9,4.5));
#694=IFCAXIS2PLACEMENT3D(#693,$,$);
#695=IFCLOCALPLACEMENT(#448,#694);
#696=IFCWINDOW('eqc2y_6P8eV6aALOXs2JBI',#5,'Glazing L2',$,$,#695,#692,$,$,$);
#697=IFCCARTESIANPOINT((0.,0.));
#698=IFCAXIS2PLACEMENT2D(#697,$);
#699=IFCRECTANGLEPROFILEDEF(.AREA.,$,#698,0.12,0.15);
#700=IFCCARTESIANPOINT((0.,0.,0.));
#701=IFCAXIS2PLACEMENT3D(#700,#12,#13);
#702=IFCEXTRUDEDAREASOLID(#699,#701,#12,3.7);
#703=IFCSTYLEDITEM(#702,(#27),$);
#704=IFCSHAPEREPRESENTATION(#15,'Body','SweptSolid',(#702));
#705=IFCPRODUCTDEFINITIONSHAPE($,$,(#704));
#706=IFCCARTESIANPOINT((-14.5,-9.9,4.3));
#707=IFCAXIS2PLACEMENT3D(#706,$,$);
#708=IFCLOCALPLACEMENT(#448,#707);
#709=IFCPLATE('P962J$EiLfmWw3gGC7M3sU',#5,'Mullion L2',$,$,#708,#705,$,$);
#710=IFCCARTESIANPOINT((0.,0.));
#711=IFCAXIS2PLACEMENT2D(#710,$);
#712=IFCRECTANGLEPROFILEDEF(.AREA.,$,#711,4.683333333333333,0.08);
#713=IFCCARTESIANPOINT((0.,0.,0.));
#714=IFCAXIS2PLACEMENT3D(#713,#12,#13);
#715=IFCEXTRUDEDAREASOLID(#712,#714,#12,3.3000000000000003);
#716=IFCSTYLEDITEM(#715,(#24),$);
#717=IFCSHAPEREPRESENTATION(#15,'Body','SweptSolid',(#715));
#718=IFCPRODUCTDEFINITIONSHAPE($,$,(#717));
#719=IFCCARTESIANPOINT((-7.25,-9.9,4.5));
#720=IFCAXIS2PLACEMENT3D(#719,$,$);
#721=IFCLOCALPLACEMENT(#448,#720);
#722=IFCWINDOW('AdBhRkf01SMeo8FcRdb8Yj',#5,'Glazing L2',$,$,#721,#718,$,$,$);
#723=IFCCARTESIANPOINT((0.,0.));
#724=IFCAXIS2PLACEMENT2D(#723,$);
#725=IFCRECTANGLEPROFILEDEF(.AREA.,$,#724,0.12,0.15);
#726=IFCCARTESIANPOINT((0.,0.,0.));
#727=IFCAXIS2PLACEMENT3D(#726,#12,#13);
#728=IFCEXTRUDEDAREASOLID(#725,#727,#12,3.7);
#729=IFCSTYLEDITEM(#728,(#27),$);
#730=IFCSHAPEREPRESENTATION(#15,'Body','SweptSolid',(#728));
#731=IFCPRODUCTDEFINITIONSHAPE($,$,(#730));
#732=IFCCARTESIANPOINT((-9.666666666666668,-9.9,4.3));
#733=IFCAXIS2PLACEMENT3D(#732,$,$);
#734=IFCLOCALPLACEMENT(#448,#733);
#735=IFCPLATE('L7mUQK4ajMNrgu94kYX2FP',#5,'Mullion L2',$,$,#734,#731,$,$);
#736=IFCCARTESIANPOINT((0.,0.));
#737=IFCAXIS2PLACEMENT2D(#736,$);
#738=IFCRECTANGLEPROFILEDEF(.AREA.,$,#737,4.683333333333333,0.08);
#739=IFCCARTESIANPOINT((0.,0.,0.));
#740=IFCAXIS2PLACEMENT3D(#739,#12,#13);
#741=IFCEXTRUDEDAREASOLID(#738,#740,#12,3.3000000000000003);
#742=IFCSTYLEDITEM(#741,(#24),$);
#743=IFCSHAPEREPRESENTATION(#15,'Body','SweptSolid',(#741));
#744=IFCPRODUCTDEFINITIONSHAPE($,$,(#743));
#745=IFCCARTESIANPOINT((-2.416666666666668,-9.9,4.5));
#746=IFCAXIS2PLACEMENT3D(#745,$,$);
#747=IFCLOCALPLACEMENT(#448,#746);
#748=IFCWINDOW('yC9wZwVmRBqg79fgiLIz0j',#5,'Glazing L2',$,$,#747,#744,$,$,$);
#749=IFCCARTESIANPOINT((0.,0.));
#750=IFCAXIS2PLACEMENT2D(#749,$);
#751=IFCRECTANGLEPROFILEDEF(.AREA.,$,#750,0.12,0.15);
#752=IFCCARTESIANPOINT((0.,0.,0.));
#753=IFCAXIS2PLACEMENT3D(#752,#12,#13);
#754=IFCEXTRUDEDAREASOLID(#751,#753,#12,3.7);
#755=IFCSTYLEDITEM(#754,(#27),$);
#756=IFCSHAPEREPRESENTATION(#15,'Body','SweptSolid',(#754));
#757=IFCPRODUCTDEFINITIONSHAPE($,$,(#756));
#758=IFCCARTESIANPOINT((-4.833333333333334,-9.9,4.3));
#759=IFCAXIS2PLACEMENT3D(#758,$,$);
#760=IFCLOCALPLACEMENT(#448,#759);
#761=IFCPLATE('XbN1cUDEhmGJknZKRLJ40b',#5,'Mullion L2',$,$,#760,#757,$,$);
#762=IFCCARTESIANPOINT((0.,0.));
#763=IFCAXIS2PLACEMENT2D(#762,$);
#764=IFCRECTANGLEPROFILEDEF(.AREA.,$,#763,4.683333333333333,0.08);
#765=IFCCARTESIANPOINT((0.,0.,0.));
#766=IFCAXIS2PLACEMENT3D(#765,#12,#13);
#767=IFCEXTRUDEDAREASOLID(#764,#766,#12,3.3000000000000003);
#768=IFCSTYLEDITEM(#767,(#24),$);
#769=IFCSHAPEREPRESENTATION(#15,'Body','SweptSolid',(#767));
#770=IFCPRODUCTDEFINITIONSHAPE($,$,(#769));
#771=IFCCARTESIANPOINT((2.4166666666666643,-9.9,4.5));
#772=IFCAXIS2PLACEMENT3D(#771,$,$);
#773=IFCLOCALPLACEMENT(#448,#772);
#774=IFCWINDOW('MnGls2wJn7GyAzv_FkAlln',#5,'Glazing L2',$,$,#773,#770,$,$,$);
#775=IFCCARTESIANPOINT((0.,0.));
#776=IFCAXIS2PLACEMENT2D(#775,$);
#777=IFCRECTANGLEPROFILEDEF(.AREA.,$,#776,0.12,0.15);
#778=IFCCARTESIANPOINT((0.,0.,0.));
#779=IFCAXIS2PLACEMENT3D(#778,#12,#13);
#780=IFCEXTRUDEDAREASOLID(#777,#779,#12,3.7);
#781=IFCSTYLEDITEM(#780,(#27),$);
#782=IFCSHAPEREPRESENTATION(#15,'Body','SweptSolid',(#780));
#783=IFCPRODUCTDEFINITIONSHAPE($,$,(#782));
#784=IFCCARTESIANPOINT((0,-9.9,4.3));
#785=IFCAXIS2PLACEMENT3D(#784,$,$);
#786=IFCLOCALPLACEMENT(#448,#785);
#787=IFCPLATE('NFvC3mM8KuwIXFPcBJicyc',#5,'Mullion L2',$,$,#786,#783,$,$);
#788=IFCCARTESIANPOINT((0.,0.));
#789=IFCAXIS2PLACEMENT2D(#788,$);
#790=IFCRECTANGLEPROFILEDEF(.AREA.,$,#789,4.683333333333333,0.08);
#791=IFCCARTESIANPOINT((0.,0.,0.));
#792=IFCAXIS2PLACEMENT3D(#791,#12,#13);
#793=IFCEXTRUDEDAREASOLID(#790,#792,#12,3.3000000000000003);
#794=IFCSTYLEDITEM(#793,(#24),$);
#795=IFCSHAPEREPRESENTATION(#15,'Body','SweptSolid',(#793));
#796=IFCPRODUCTDEFINITIONSHAPE($,$,(#795));
#797=IFCCARTESIANPOINT((7.25,-9.9,4.5));
#798=IFCAXIS2PLACEMENT3D(#797,$,$);
#799=IFCLOCALPLACEMENT(#448,#798);
#800=IFCWINDOW('fkTNLqV7DrtN_4Oh8r71Cn',#5,'Glazing L2',$,$,#799,#796,$,$,$);
#801=IFCCARTESIANPOINT((0.,0.));
#802=IFCAXIS2PLACEMENT2D(#801,$);
#803=IFCRECTANGLEPROFILEDEF(.AREA.,$,#802,0.12,0.15);
#804=IFCCARTESIANPOINT((0.,0.,0.));
#805=IFCAXIS2PLACEMENT3D(#804,#12,#13);
#806=IFCEXTRUDEDAREASOLID(#803,#805,#12,3.7);
#807=IFCSTYLEDITEM(#806,(#27),$);
#808=IFCSHAPEREPRESENTATION(#15,'Body','SweptSolid',(#806));
#809=IFCPRODUCTDEFINITIONSHAPE($,$,(#808));
#810=IFCCARTESIANPOINT((4.833333333333332,-9.9,4.3));
#811=IFCAXIS2PLACEMENT3D(#810,$,$);
#812=IFCLOCALPLACEMENT(#448,#811);
#813=IFCPLATE('xwSAvwXgbzx$dIX15AT8rG',#5,'Mullion L2',$,$,#812,#809,$,$);
#814=IFCCARTESIANPOINT((0.,0.));
#815=IFCAXIS2PLACEMENT2D(#814,$);
#816=IFCRECTANGLEPROFILEDEF(.AREA.,$,#815,4.683333333333333,0.08);
#817=IFCCARTESIANPOINT((0.,0.,0.));
#818=IFCAXIS2PLACEMENT3D(#817,#12,#13);
#819=IFCEXTRUDEDAREASOLID(#816,#818,#12,3.3000000000000003);
#820=IFCSTYLEDITEM(#819,(#24),$);
#821=IFCSHAPEREPRESENTATION(#15,'Body','SweptSolid',(#819));
#822=IFCPRODUCTDEFINITIONSHAPE($,$,(#821));
#823=IFCCARTESIANPOINT((12.083333333333332,-9.9,4.5));
#824=IFCAXIS2PLACEMENT3D(#823,$,$);
#825=IFCLOCALPLACEMENT(#448,#824);
#826=IFCWINDOW('CQUDkgsBRdujFUlS8Zcp6U',#5,'Glazing L2',$,$,#825,#822,$,$,$);
#827=IFCCARTESIANPOINT((0.,0.));
#828=IFCAXIS2PLACEMENT2D(#827,$);
#829=IFCRECTANGLEPROFILEDEF(.AREA.,$,#828,0.12,0.15);
#830=IFCCARTESIANPOINT((0.,0.,0.));
#831=IFCAXIS2PLACEMENT3D(#830,#12,#13);
#832=IFCEXTRUDEDAREASOLID(#829,#831,#12,3.7);
#833=IFCSTYLEDITEM(#832,(#27),$);
#834=IFCSHAPEREPRESENTATION(#15,'Body','SweptSolid',(#832));
#835=IFCPRODUCTDEFINITIONSHAPE($,$,(#834));
#836=IFCCARTESIANPOINT((9.666666666666664,-9.9,4.3));
#837=IFCAXIS2PLACEMENT3D(#836,$,$);
#838=IFCLOCALPLACEMENT(#448,#837);
#839=IFCPLATE('LEi0QLUCRqmgv4M9cqUPNk',#5,'Mullion L2',$,$,#838,#835,$,$);
#840=IFCCARTESIANPOINT((0.,0.));
#841=IFCAXIS2PLACEMENT2D(#840,$);
#842=IFCRECTANGLEPROFILEDEF(.AREA.,$,#841,29,0.15);
#843=IFCCARTESIANPOINT((0.,0.,0.));
#844=IFCAXIS2PLACEMENT3D(#843,#12,#13);
#845=IFCEXTRUDEDAREASOLID(#842,#844,#12,0.4);
#846=IFCSTYLEDITEM(#845,(#18),$);
#847=IFCSHAPEREPRESENTATION(#15,'Body','SweptSolid',(#845));
#848=IFCPRODUCTDEFINITIONSHAPE($,$,(#847));
#849=IFCCARTESIANPOINT((0,-9.9,4.3));
#850=IFCAXIS2PLACEMENT3D(#849,$,$);
#851=IFCLOCALPLACEMENT(#448,#850);
#852=IFCPLATE('5i3jl4sRIcPdoAMXu_RBsm',#5,'Spandrel L2',$,$,#851,#848,$,$);
#853=IFCCARTESIANPOINT((0,0,8));
#854=IFCAXIS2PLACEMENT3D(#853,$,$);
#855=IFCLOCALPLACEMENT(#37,#854);
#856=IFCBUILDINGSTOREY('nNcjyKDpLHXIkA7g74OXss',#5,'Floor 3',$,$,#855,$,$,.ELEMENT.,8);
#857=IFCCARTESIANPOINT((0.,0.));
#858=IFCAXIS2PLACEMENT2D(#857,$);
#859=IFCRECTANGLEPROFILEDEF(.AREA.,$,#858,30,20);
#860=IFCCARTESIANPOINT((0.,0.,0.));
#861=IFCAXIS2PLACEMENT3D(#860,#12,#13);
#862=IFCEXTRUDEDAREASOLID(#859,#861,#12,0.3);
#863=IFCSTYLEDITEM(#862,(#18),$);
#864=IFCSHAPEREPRESENTATION(#15,'Body','SweptSolid',(#862));
#865=IFCPRODUCTDEFINITIONSHAPE($,$,(#864));
#866=IFCCARTESIANPOINT((0,0,8));
#867=IFCAXIS2PLACEMENT3D(#866,$,$);
#868=IFCLOCALPLACEMENT(#855,#867);
#869=IFCSLAB('NOcNX8a5oUPlFBRzeDY$vz',#5,'Slab L3',$,$,#868,#865,$,.FLOOR.);
#870=IFCCARTESIANPOINT((0.,0.));
#871=IFCAXIS2PLACEMENT2D(#870,$);
#872=IFCRECTANGLEPROFILEDEF(.AREA.,$,#871,0.6,0.6);
#873=IFCCARTESIANPOINT((0.,0.,0.));
#874=IFCAXIS2PLACEMENT3D(#873,#12,#13);
#875=IFCEXTRUDEDAREASOLID(#872,#874,#12,3.7);
#876=IFCSTYLEDITEM(#875,(#21),$);
#877=IFCSHAPEREPRESENTATION(#15,'Body','SweptSolid',(#875));
#878=IFCPRODUCTDEFINITIONSHAPE($,$,(#877));
#879=IFCCARTESIANPOINT((-14,-9,8.3));
#880=IFCAXIS2PLACEMENT3D(#879,$,$);
#881=IFCLOCALPLACEMENT(#855,#880);
#882=IFCCOLUMN('RBzDlGj4mmGC2LKs0zUsya',#5,'Col L3',$,$,#881,#878,$,$);
#883=IFCCARTESIANPOINT((0.,0.));
#884=IFCAXIS2PLACEMENT2D(#883,$);
#885=IFCRECTANGLEPROFILEDEF(.AREA.,$,#884,0.6,0.6);
#886=IFCCARTESIANPOINT((0.,0.,0.));
#887=IFCAXIS2PLACEMENT3D(#886,#12,#13);
#888=IFCEXTRUDEDAREASOLID(#885,#887,#12,3.7);
#889=IFCSTYLEDITEM(#888,(#21),$);
#890=IFCSHAPEREPRESENTATION(#15,'Body','SweptSolid',(#888));
#891=IFCPRODUCTDEFINITIONSHAPE($,$,(#890));
#892=IFCCARTESIANPOINT((-14,0,8.3));
#893=IFCAXIS2PLACEMENT3D(#892,$,$);
#894=IFCLOCALPLACEMENT(#855,#893);
#895=IFCCOLUMN('UMY4pw0dlgenzRJW2JiDIj',#5,'Col L3',$,$,#894,#891,$,$);
#896=IFCCARTESIANPOINT((0.,0.));
#897=IFCAXIS2PLACEMENT2D(#896,$);
#898=IFCRECTANGLEPROFILEDEF(.AREA.,$,#897,0.6,0.6);
#899=IFCCARTESIANPOINT((0.,0.,0.));
#900=IFCAXIS2PLACEMENT3D(#899,#12,#13);
#901=IFCEXTRUDEDAREASOLID(#898,#900,#12,3.7);
#902=IFCSTYLEDITEM(#901,(#21),$);
#903=IFCSHAPEREPRESENTATION(#15,'Body','SweptSolid',(#901));
#904=IFCPRODUCTDEFINITIONSHAPE($,$,(#903));
#905=IFCCARTESIANPOINT((-14,9,8.3));
#906=IFCAXIS2PLACEMENT3D(#905,$,$);
#907=IFCLOCALPLACEMENT(#855,#906);
#908=IFCCOLUMN('slf9WIpO2q1kmILwqnuetY',#5,'Col L3',$,$,#907,#904,$,$);
#909=IFCCARTESIANPOINT((0.,0.));
#910=IFCAXIS2PLACEMENT2D(#909,$);
#911=IFCRECTANGLEPROFILEDEF(.AREA.,$,#910,0.6,0.6);
#912=IFCCARTESIANPOINT((0.,0.,0.));
#913=IFCAXIS2PLACEMENT3D(#912,#12,#13);
#914=IFCEXTRUDEDAREASOLID(#911,#913,#12,3.7);
#915=IFCSTYLEDITEM(#914,(#21),$);
#916=IFCSHAPEREPRESENTATION(#15,'Body','SweptSolid',(#914));
#917=IFCPRODUCTDEFINITIONSHAPE($,$,(#916));
#918=IFCCARTESIANPOINT((-5,-9,8.3));
#919=IFCAXIS2PLACEMENT3D(#918,$,$);
#920=IFCLOCALPLACEMENT(#855,#919);
#921=IFCCOLUMN('W4u8O9nzAkSEb1X8e70L62',#5,'Col L3',$,$,#920,#917,$,$);
#922=IFCCARTESIANPOINT((0.,0.));
#923=IFCAXIS2PLACEMENT2D(#922,$);
#924=IFCRECTANGLEPROFILEDEF(.AREA.,$,#923,0.6,0.6);
#925=IFCCARTESIANPOINT((0.,0.,0.));
#926=IFCAXIS2PLACEMENT3D(#925,#12,#13);
#927=IFCEXTRUDEDAREASOLID(#924,#926,#12,3.7);
#928=IFCSTYLEDITEM(#927,(#21),$);
#929=IFCSHAPEREPRESENTATION(#15,'Body','SweptSolid',(#927));
#930=IFCPRODUCTDEFINITIONSHAPE($,$,(#929));
#931=IFCCARTESIANPOINT((-5,0,8.3));
#932=IFCAXIS2PLACEMENT3D(#931,$,$);
#933=IFCLOCALPLACEMENT(#855,#932);
#934=IFCCOLUMN('Q50owGLaImsKsC4$JwQi$B',#5,'Col L3',$,$,#933,#930,$,$);
#935=IFCCARTESIANPOINT((0.,0.));
#936=IFCAXIS2PLACEMENT2D(#935,$);
#937=IFCRECTANGLEPROFILEDEF(.AREA.,$,#936,0.6,0.6);
#938=IFCCARTESIANPOINT((0.,0.,0.));
#939=IFCAXIS2PLACEMENT3D(#938,#12,#13);
#940=IFCEXTRUDEDAREASOLID(#937,#939,#12,3.7);
#941=IFCSTYLEDITEM(#940,(#21),$);
#942=IFCSHAPEREPRESENTATION(#15,'Body','SweptSolid',(#940));
#943=IFCPRODUCTDEFINITIONSHAPE($,$,(#942));
#944=IFCCARTESIANPOINT((-5,9,8.3));
#945=IFCAXIS2PLACEMENT3D(#944,$,$);
#946=IFCLOCALPLACEMENT(#855,#945);
#947=IFCCOLUMN('4C7AMwR0kjw58a2BFtbYpX',#5,'Col L3',$,$,#946,#943,$,$);
#948=IFCCARTESIANPOINT((0.,0.));
#949=IFCAXIS2PLACEMENT2D(#948,$);
#950=IFCRECTANGLEPROFILEDEF(.AREA.,$,#949,0.6,0.6);
#951=IFCCARTESIANPOINT((0.,0.,0.));
#952=IFCAXIS2PLACEMENT3D(#951,#12,#13);
#953=IFCEXTRUDEDAREASOLID(#950,#952,#12,3.7);
#954=IFCSTYLEDITEM(#953,(#21),$);
#955=IFCSHAPEREPRESENTATION(#15,'Body','SweptSolid',(#953));
#956=IFCPRODUCTDEFINITIONSHAPE($,$,(#955));
#957=IFCCARTESIANPOINT((5,-9,8.3));
#958=IFCAXIS2PLACEMENT3D(#957,$,$);
#959=IFCLOCALPLACEMENT(#855,#958);
#960=IFCCOLUMN('3UTmSWrWQTZ0mfYNnb8frg',#5,'Col L3',$,$,#959,#956,$,$);
#961=IFCCARTESIANPOINT((0.,0.));
#962=IFCAXIS2PLACEMENT2D(#961,$);
#963=IFCRECTANGLEPROFILEDEF(.AREA.,$,#962,0.6,0.6);
#964=IFCCARTESIANPOINT((0.,0.,0.));
#965=IFCAXIS2PLACEMENT3D(#964,#12,#13);
#966=IFCEXTRUDEDAREASOLID(#963,#965,#12,3.7);
#967=IFCSTYLEDITEM(#966,(#21),$);
#968=IFCSHAPEREPRESENTATION(#15,'Body','SweptSolid',(#966));
#969=IFCPRODUCTDEFINITIONSHAPE($,$,(#968));
#970=IFCCARTESIANPOINT((5,0,8.3));
#971=IFCAXIS2PLACEMENT3D(#970,$,$);
#972=IFCLOCALPLACEMENT(#855,#971);
#973=IFCCOLUMN('3_R_lVoeUCPjBHW3hVh0Cx',#5,'Col L3',$,$,#972,#969,$,$);
#974=IFCCARTESIANPOINT((0.,0.));
#975=IFCAXIS2PLACEMENT2D(#974,$);
#976=IFCRECTANGLEPROFILEDEF(.AREA.,$,#975,0.6,0.6);
#977=IFCCARTESIANPOINT((0.,0.,0.));
#978=IFCAXIS2PLACEMENT3D(#977,#12,#13);
#979=IFCEXTRUDEDAREASOLID(#976,#978,#12,3.7);
#980=IFCSTYLEDITEM(#979,(#21),$);
#981=IFCSHAPEREPRESENTATION(#15,'Body','SweptSolid',(#979));
#982=IFCPRODUCTDEFINITIONSHAPE($,$,(#981));
#983=IFCCARTESIANPOINT((5,9,8.3));
#984=IFCAXIS2PLACEMENT3D(#983,$,$);
#985=IFCLOCALPLACEMENT(#855,#984);
#986=IFCCOLUMN('0bnU30jEGpbZOHCVs5XNuT',#5,'Col L3',$,$,#985,#982,$,$);
#987=IFCCARTESIANPOINT((0.,0.));
#988=IFCAXIS2PLACEMENT2D(#987,$);
#989=IFCRECTANGLEPROFILEDEF(.AREA.,$,#988,0.6,0.6);
#990=IFCCARTESIANPOINT((0.,0.,0.));
#991=IFCAXIS2PLACEMENT3D(#990,#12,#13);
#992=IFCEXTRUDEDAREASOLID(#989,#991,#12,3.7);
#993=IFCSTYLEDITEM(#992,(#21),$);
#994=IFCSHAPEREPRESENTATION(#15,'Body','SweptSolid',(#992));
#995=IFCPRODUCTDEFINITIONSHAPE($,$,(#994));
#996=IFCCARTESIANPOINT((14,-9,8.3));
#997=IFCAXIS2PLACEMENT3D(#996,$,$);
#998=IFCLOCALPLACEMENT(#855,#997);
#999=IFCCOLUMN('H7RuvAnOceZ9VeoGvPZ_Uj',#5,'Col L3',$,$,#998,#995,$,$);
#1000=IFCCARTESIANPOINT((0.,0.));
#1001=IFCAXIS2PLACEMENT2D(#1000,$);
#1002=IFCRECTANGLEPROFILEDEF(.AREA.,$,#1001,0.6,0.6);
#1003=IFCCARTESIANPOINT((0.,0.,0.));
#1004=IFCAXIS2PLACEMENT3D(#1003,#12,#13);
#1005=IFCEXTRUDEDAREASOLID(#1002,#1004,#12,3.7);
#1006=IFCSTYLEDITEM(#1005,(#21),$);
#1007=IFCSHAPEREPRESENTATION(#15,'Body','SweptSolid',(#1005));
#1008=IFCPRODUCTDEFINITIONSHAPE($,$,(#1007));
#1009=IFCCARTESIANPOINT((14,0,8.3));
#1010=IFCAXIS2PLACEMENT3D(#1009,$,$);
#1011=IFCLOCALPLACEMENT(#855,#1010);
#1012=IFCCOLUMN('_9pdBZ_whC0GBRbRziEcJu',#5,'Col L3',$,$,#1011,#1008,$,$);
#1013=IFCCARTESIANPOINT((0.,0.));
#1014=IFCAXIS2PLACEMENT2D(#1013,$);
#1015=IFCRECTANGLEPROFILEDEF(.AREA.,$,#1014,0.6,0.6);
#1016=IFCCARTESIANPOINT((0.,0.,0.));
#1017=IFCAXIS2PLACEMENT3D(#1016,#12,#13);
#1018=IFCEXTRUDEDAREASOLID(#1015,#1017,#12,3.7);
#1019=IFCSTYLEDITEM(#1018,(#21),$);
#1020=IFCSHAPEREPRESENTATION(#15,'Body','SweptSolid',(#1018));
#1021=IFCPRODUCTDEFINITIONSHAPE($,$,(#1020));
#1022=IFCCARTESIANPOINT((14,9,8.3));
#1023=IFCAXIS2PLACEMENT3D(#1022,$,$);
#1024=IFCLOCALPLACEMENT(#855,#1023);
#1025=IFCCOLUMN('M33mLE_EhVimKtzGAPDnHK',#5,'Col L3',$,$,#1024,#1021,$,$);
#1026=IFCCARTESIANPOINT((0.,0.));
#1027=IFCAXIS2PLACEMENT2D(#1026,$);
#1028=IFCRECTANGLEPROFILEDEF(.AREA.,$,#1027,6,0.3);
#1029=IFCCARTESIANPOINT((0.,0.,0.));
#1030=IFCAXIS2PLACEMENT3D(#1029,#12,#13);
#1031=IFCEXTRUDEDAREASOLID(#1028,#1030,#12,3.7);
#1032=IFCSTYLEDITEM(#1031,(#30),$);
#1033=IFCSHAPEREPRESENTATION(#15,'Body','SweptSolid',(#1031));
#1034=IFCPRODUCTDEFINITIONSHAPE($,$,(#1033));
#1035=IFCCARTESIANPOINT((0,-2,8.3));
#1036=IFCAXIS2PLACEMENT3D(#1035,$,$);
#1037=IFCLOCALPLACEMENT(#855,#1036);
#1038=IFCWALL('TvCtu1apWLuqGu3Sk6ygFf',#5,'Core L3',$,$,#1037,#1034,$,$);
#1039=IFCCARTESIANPOINT((0.,0.));
#1040=IFCAXIS2PLACEMENT2D(#1039,$);
#1041=IFCRECTANGLEPROFILEDEF(.AREA.,$,#1040,0.3,4);
#1042=IFCCARTESIANPOINT((0.,0.,0.));
#1043=IFCAXIS2PLACEMENT3D(#1042,#12,#13);
#1044=IFCEXTRUDEDAREASOLID(#1041,#1043,#12,3.7);
#1045=IFCSTYLEDITEM(#1044,(#30),$);
#1046=IFCSHAPEREPRESENTATION(#15,'Body','SweptSolid',(#1044));
#1047=IFCPRODUCTDEFINITIONSHAPE($,$,(#1046));
#1048=IFCCARTESIANPOINT((-3,0,8.3));
#1049=IFCAXIS2PLACEMENT3D(#1048,$,$);
#1050=IFCLOCALPLACEMENT(#855,#1049);
#1051=IFCWALL('9rLY9sV2v8gIzbpDd9xx6e',#5,'Core L3',$,$,#1050,#1047,$,$);
#1052=IFCCARTESIANPOINT((0.,0.));
#1053=IFCAXIS2PLACEMENT2D(#1052,$);
#1054=IFCRECTANGLEPROFILEDEF(.AREA.,$,#1053,30,0.3);
#1055=IFCCARTESIANPOINT((0.,0.,0.));
#1056=IFCAXIS2PLACEMENT3D(#1055,#12,#13);
#1057=IFCEXTRUDEDAREASOLID(#1054,#1056,#12,3.7);
#1058=IFCSTYLEDITEM(#1057,(#18),$);
#1059=IFCSHAPEREPRESENTATION(#15,'Body','SweptSolid',(#1057));
#1060=IFCPRODUCTDEFINITIONSHAPE($,$,(#1059));
#1061=IFCCARTESIANPOINT((0,9.85,8.3));
#1062=IFCAXIS2PLACEMENT3D(#1061,$,$);
#1063=IFCLOCALPLACEMENT(#855,#1062);
#1064=IFCWALL('zKHa7aDS49f1tQHGamtVSs',#5,'Back L3',$,$,#1063,#1060,$,$);
#1065=IFCCARTESIANPOINT((0.,0.));
#1066=IFCAXIS2PLACEMENT2D(#1065,$);
#1067=IFCRECTANGLEPROFILEDEF(.AREA.,$,#1066,0.3,20);
#1068=IFCCARTESIANPOINT((0.,0.,0.));
#1069=IFCAXIS2PLACEMENT3D(#1068,#12,#13);
#1070=IFCEXTRUDEDAREASOLID(#1067,#1069,#12,3.7);
#1071=IFCSTYLEDITEM(#1070,(#18),$);
#1072=IFCSHAPEREPRESENTATION(#15,'Body','SweptSolid',(#1070));
#1073=IFCPRODUCTDEFINITIONSHAPE($,$,(#1072));
#1074=IFCCARTESIANPOINT((-14.85,0,8.3));
#1075=IFCAXIS2PLACEMENT3D(#1074,$,$);
#1076=IFCLOCALPLACEMENT(#855,#1075);
#1077=IFCWALL('6QWLE5hgMvHp4n79TNaweD',#5,'Side L3',$,$,#1076,#1073,$,$);
#1078=IFCCARTESIANPOINT((0.,0.));
#1079=IFCAXIS2PLACEMENT2D(#1078,$);
#1080=IFCRECTANGLEPROFILEDEF(.AREA.,$,#1079,0.3,20);
#1081=IFCCARTESIANPOINT((0.,0.,0.));
#1082=IFCAXIS2PLACEMENT3D(#1081,#12,#13);
#1083=IFCEXTRUDEDAREASOLID(#1080,#1082,#12,3.7);
#1084=IFCSTYLEDITEM(#1083,(#18),$);
#1085=IFCSHAPEREPRESENTATION(#15,'Body','SweptSolid',(#1083));
#1086=IFCPRODUCTDEFINITIONSHAPE($,$,(#1085));
#1087=IFCCARTESIANPOINT((14.85,0,8.3));
#1088=IFCAXIS2PLACEMENT3D(#1087,$,$);
#1089=IFCLOCALPLACEMENT(#855,#1088);
#1090=IFCWALL('cheOFMlRvcYaTpTrXEQgqk',#5,'Side L3',$,$,#1089,#1086,$,$);
#1091=IFCCARTESIANPOINT((0.,0.));
#1092=IFCAXIS2PLACEMENT2D(#1091,$);
#1093=IFCRECTANGLEPROFILEDEF(.AREA.,$,#1092,4.683333333333333,0.08);
#1094=IFCCARTESIANPOINT((0.,0.,0.));
#1095=IFCAXIS2PLACEMENT3D(#1094,#12,#13);
#1096=IFCEXTRUDEDAREASOLID(#1093,#1095,#12,3.3000000000000003);
#1097=IFCSTYLEDITEM(#1096,(#24),$);
#1098=IFCSHAPEREPRESENTATION(#15,'Body','SweptSolid',(#1096));
#1099=IFCPRODUCTDEFINITIONSHAPE($,$,(#1098));
#1100=IFCCARTESIANPOINT((-12.083333333333334,-9.9,8.5));
#1101=IFCAXIS2PLACEMENT3D(#1100,$,$);
#1102=IFCLOCALPLACEMENT(#855,#1101);
#1103=IFCWINDOW('gFqpyEQgiqXe97jItfOBep',#5,'Glazing L3',$,$,#1102,#1099,$,$,$);
#1104=IFCCARTESIANPOINT((0.,0.));
#1105=IFCAXIS2PLACEMENT2D(#1104,$);
#1106=IFCRECTANGLEPROFILEDEF(.AREA.,$,#1105,0.12,0.15);
#1107=IFCCARTESIANPOINT((0.,0.,0.));
#1108=IFCAXIS2PLACEMENT3D(#1107,#12,#13);
#1109=IFCEXTRUDEDAREASOLID(#1106,#1108,#12,3.7);
#1110=IFCSTYLEDITEM(#1109,(#27),$);
#1111=IFCSHAPEREPRESENTATION(#15,'Body','SweptSolid',(#1109));
#1112=IFCPRODUCTDEFINITIONSHAPE($,$,(#1111));
#1113=IFCCARTESIANPOINT((-14.5,-9.9,8.3));
#1114=IFCAXIS2PLACEMENT3D(#1113,$,$);
#1115=IFCLOCALPLACEMENT(#855,#1114);
#1116=IFCPLATE('YF1k8Pbi22LhhJuvtPZyoR',#5,'Mullion L3',$,$,#1115,#1112,$,$);
#1117=IFCCARTESIANPOINT((0.,0.));
#1118=IFCAXIS2PLACEMENT2D(#1117,$);
#1119=IFCRECTANGLEPROFILEDEF(.AREA.,$,#1118,4.683333333333333,0.08);
#1120=IFCCARTESIANPOINT((0.,0.,0.));
#1121=IFCAXIS2PLACEMENT3D(#1120,#12,#13);
#1122=IFCEXTRUDEDAREASOLID(#1119,#1121,#12,3.3000000000000003);
#1123=IFCSTYLEDITEM(#1122,(#24),$);
#1124=IFCSHAPEREPRESENTATION(#15,'Body','SweptSolid',(#1122));
#1125=IFCPRODUCTDEFINITIONSHAPE($,$,(#1124));
#1126=IFCCARTESIANPOINT((-7.25,-9.9,8.5));
#1127=IFCAXIS2PLACEMENT3D(#1126,$,$);
#1128=IFCLOCALPLACEMENT(#855,#1127);
#1129=IFCWINDOW('obPUy$gxMW4vL_bgIvAdH7',#5,'Glazing L3',$,$,#1128,#1125,$,$,$);
#1130=IFCCARTESIANPOINT((0.,0.));
#1131=IFCAXIS2PLACEMENT2D(#1130,$);
#1132=IFCRECTANGLEPROFILEDEF(.AREA.,$,#1131,0.12,0.15);
#1133=IFCCARTESIANPOINT((0.,0.,0.));
#1134=IFCAXIS2PLACEMENT3D(#1133,#12,#13);
#1135=IFCEXTRUDEDAREASOLID(#1132,#1134,#12,3.7);
#1136=IFCSTYLEDITEM(#1135,(#27),$);
#1137=IFCSHAPEREPRESENTATION(#15,'Body','SweptSolid',(#1135));
#1138=IFCPRODUCTDEFINITIONSHAPE($,$,(#1137));
#1139=IFCCARTESIANPOINT((-9.666666666666668,-9.9,8.3));
#1140=IFCAXIS2PLACEMENT3D(#1139,$,$);
#1141=IFCLOCALPLACEMENT(#855,#1140);
#1142=IFCPLATE('TyEpqSO1ndoPqzcewQ6$oJ',#5,'Mullion L3',$,$,#1141,#1138,$,$);
#1143=IFCCARTESIANPOINT((0.,0.));
#1144=IFCAXIS2PLACEMENT2D(#1143,$);
#1145=IFCRECTANGLEPROFILEDEF(.AREA.,$,#1144,4.683333333333333,0.08);
#1146=IFCCARTESIANPOINT((0.,0.,0.));
#1147=IFCAXIS2PLACEMENT3D(#1146,#12,#13);
#1148=IFCEXTRUDEDAREASOLID(#1145,#1147,#12,3.3000000000000003);
#1149=IFCSTYLEDITEM(#1148,(#24),$);
#1150=IFCSHAPEREPRESENTATION(#15,'Body','SweptSolid',(#1148));
#1151=IFCPRODUCTDEFINITIONSHAPE($,$,(#1150));
#1152=IFCCARTESIANPOINT((-2.416666666666668,-9.9,8.5));
#1153=IFCAXIS2PLACEMENT3D(#1152,$,$);
#1154=IFCLOCALPLACEMENT(#855,#1153);
#1155=IFCWINDOW('8Da_NNZthe$gAyHusOKU5g',#5,'Glazing L3',$,$,#1154,#1151,$,$,$);
#1156=IFCCARTESIANPOINT((0.,0.));
#1157=IFCAXIS2PLACEMENT2D(#1156,$);
#1158=IFCRECTANGLEPROFILEDEF(.AREA.,$,#1157,0.12,0.15);
#1159=IFCCARTESIANPOINT((0.,0.,0.));
#1160=IFCAXIS2PLACEMENT3D(#1159,#12,#13);
#1161=IFCEXTRUDEDAREASOLID(#1158,#1160,#12,3.7);
#1162=IFCSTYLEDITEM(#1161,(#27),$);
#1163=IFCSHAPEREPRESENTATION(#15,'Body','SweptSolid',(#1161));
#1164=IFCPRODUCTDEFINITIONSHAPE($,$,(#1163));
#1165=IFCCARTESIANPOINT((-4.833333333333334,-9.9,8.3));
#1166=IFCAXIS2PLACEMENT3D(#1165,$,$);
#1167=IFCLOCALPLACEMENT(#855,#1166);
#1168=IFCPLATE('ZsRNZ4cVGPOkPdW35NtGYc',#5,'Mullion L3',$,$,#1167,#1164,$,$);
#1169=IFCCARTESIANPOINT((0.,0.));
#1170=IFCAXIS2PLACEMENT2D(#1169,$);
#1171=IFCRECTANGLEPROFILEDEF(.AREA.,$,#1170,4.683333333333333,0.08);
#1172=IFCCARTESIANPOINT((0.,0.,0.));
#1173=IFCAXIS2PLACEMENT3D(#1172,#12,#13);
#1174=IFCEXTRUDEDAREASOLID(#1171,#1173,#12,3.3000000000000003);
#1175=IFCSTYLEDITEM(#1174,(#24),$);
#1176=IFCSHAPEREPRESENTATION(#15,'Body','SweptSolid',(#1174));
#1177=IFCPRODUCTDEFINITIONSHAPE($,$,(#1176));
#1178=IFCCARTESIANPOINT((2.4166666666666643,-9.9,8.5));
#1179=IFCAXIS2PLACEMENT3D(#1178,$,$);
#1180=IFCLOCALPLACEMENT(#855,#1179);
#1181=IFCWINDOW('dy3NwNiFAsaOaIR12oKGNR',#5,'Glazing L3',$,$,#1180,#1177,$,$,$);
#1182=IFCCARTESIANPOINT((0.,0.));
#1183=IFCAXIS2PLACEMENT2D(#1182,$);
#1184=IFCRECTANGLEPROFILEDEF(.AREA.,$,#1183,0.12,0.15);
#1185=IFCCARTESIANPOINT((0.,0.,0.));
#1186=IFCAXIS2PLACEMENT3D(#1185,#12,#13);
#1187=IFCEXTRUDEDAREASOLID(#1184,#1186,#12,3.7);
#1188=IFCSTYLEDITEM(#1187,(#27),$);
#1189=IFCSHAPEREPRESENTATION(#15,'Body','SweptSolid',(#1187));
#1190=IFCPRODUCTDEFINITIONSHAPE($,$,(#1189));
#1191=IFCCARTESIANPOINT((0,-9.9,8.3));
#1192=IFCAXIS2PLACEMENT3D(#1191,$,$);
#1193=IFCLOCALPLACEMENT(#855,#1192);
#1194=IFCPLATE('t_ajQjhyxX5xvBOLideRgD',#5,'Mullion L3',$,$,#1193,#1190,$,$);
#1195=IFCCARTESIANPOINT((0.,0.));
#1196=IFCAXIS2PLACEMENT2D(#1195,$);
#1197=IFCRECTANGLEPROFILEDEF(.AREA.,$,#1196,4.683333333333333,0.08);
#1198=IFCCARTESIANPOINT((0.,0.,0.));
#1199=IFCAXIS2PLACEMENT3D(#1198,#12,#13);
#1200=IFCEXTRUDEDAREASOLID(#1197,#1199,#12,3.3000000000000003);
#1201=IFCSTYLEDITEM(#1200,(#24),$);
#1202=IFCSHAPEREPRESENTATION(#15,'Body','SweptSolid',(#1200));
#1203=IFCPRODUCTDEFINITIONSHAPE($,$,(#1202));
#1204=IFCCARTESIANPOINT((7.25,-9.9,8.5));
#1205=IFCAXIS2PLACEMENT3D(#1204,$,$);
#1206=IFCLOCALPLACEMENT(#855,#1205);
#1207=IFCWINDOW('wg_oKYrTXrf9PWi5PVuy2v',#5,'Glazing L3',$,$,#1206,#1203,$,$,$);
#1208=IFCCARTESIANPOINT((0.,0.));
#1209=IFCAXIS2PLACEMENT2D(#1208,$);
#1210=IFCRECTANGLEPROFILEDEF(.AREA.,$,#1209,0.12,0.15);
#1211=IFCCARTESIANPOINT((0.,0.,0.));
#1212=IFCAXIS2PLACEMENT3D(#1211,#12,#13);
#1213=IFCEXTRUDEDAREASOLID(#1210,#1212,#12,3.7);
#1214=IFCSTYLEDITEM(#1213,(#27),$);
#1215=IFCSHAPEREPRESENTATION(#15,'Body','SweptSolid',(#1213));
#1216=IFCPRODUCTDEFINITIONSHAPE($,$,(#1215));
#1217=IFCCARTESIANPOINT((4.833333333333332,-9.9,8.3));
#1218=IFCAXIS2PLACEMENT3D(#1217,$,$);
#1219=IFCLOCALPLACEMENT(#855,#1218);
#1220=IFCPLATE('xkaoOxvOdZobG0wjzy0fa2',#5,'Mullion L3',$,$,#1219,#1216,$,$);
#1221=IFCCARTESIANPOINT((0.,0.));
#1222=IFCAXIS2PLACEMENT2D(#1221,$);
#1223=IFCRECTANGLEPROFILEDEF(.AREA.,$,#1222,4.683333333333333,0.08);
#1224=IFCCARTESIANPOINT((0.,0.,0.));
#1225=IFCAXIS2PLACEMENT3D(#1224,#12,#13);
#1226=IFCEXTRUDEDAREASOLID(#1223,#1225,#12,3.3000000000000003);
#1227=IFCSTYLEDITEM(#1226,(#24),$);
#1228=IFCSHAPEREPRESENTATION(#15,'Body','SweptSolid',(#1226));
#1229=IFCPRODUCTDEFINITIONSHAPE($,$,(#1228));
#1230=IFCCARTESIANPOINT((12.083333333333332,-9.9,8.5));
#1231=IFCAXIS2PLACEMENT3D(#1230,$,$);
#1232=IFCLOCALPLACEMENT(#855,#1231);
#1233=IFCWINDOW('ku1RhpbiN3w5qmvhJmmXw8',#5,'Glazing L3',$,$,#1232,#1229,$,$,$);
#1234=IFCCARTESIANPOINT((0.,0.));
#1235=IFCAXIS2PLACEMENT2D(#1234,$);
#1236=IFCRECTANGLEPROFILEDEF(.AREA.,$,#1235,0.12,0.15);
#1237=IFCCARTESIANPOINT((0.,0.,0.));
#1238=IFCAXIS2PLACEMENT3D(#1237,#12,#13);
#1239=IFCEXTRUDEDAREASOLID(#1236,#1238,#12,3.7);
#1240=IFCSTYLEDITEM(#1239,(#27),$);
#1241=IFCSHAPEREPRESENTATION(#15,'Body','SweptSolid',(#1239));
#1242=IFCPRODUCTDEFINITIONSHAPE($,$,(#1241));
#1243=IFCCARTESIANPOINT((9.666666666666664,-9.9,8.3));
#1244=IFCAXIS2PLACEMENT3D(#1243,$,$);
#1245=IFCLOCALPLACEMENT(#855,#1244);
#1246=IFCPLATE('aweyejbQHHHMStl4p61GuI',#5,'Mullion L3',$,$,#1245,#1242,$,$);
#1247=IFCCARTESIANPOINT((0.,0.));
#1248=IFCAXIS2PLACEMENT2D(#1247,$);
#1249=IFCRECTANGLEPROFILEDEF(.AREA.,$,#1248,29,0.15);
#1250=IFCCARTESIANPOINT((0.,0.,0.));
#1251=IFCAXIS2PLACEMENT3D(#1250,#12,#13);
#1252=IFCEXTRUDEDAREASOLID(#1249,#1251,#12,0.4);
#1253=IFCSTYLEDITEM(#1252,(#18),$);
#1254=IFCSHAPEREPRESENTATION(#15,'Body','SweptSolid',(#1252));
#1255=IFCPRODUCTDEFINITIONSHAPE($,$,(#1254));
#1256=IFCCARTESIANPOINT((0,-9.9,8.3));
#1257=IFCAXIS2PLACEMENT3D(#1256,$,$);
#1258=IFCLOCALPLACEMENT(#855,#1257);
#1259=IFCPLATE('Df5bquLlR7GD39o_$P6X0B',#5,'Spandrel L3',$,$,#1258,#1255,$,$);
#1260=IFCCARTESIANPOINT((0,0,12));
#1261=IFCAXIS2PLACEMENT3D(#1260,$,$);
#1262=IFCLOCALPLACEMENT(#37,#1261);
#1263=IFCBUILDINGSTOREY('f0NF1WbDcGXs6adFAdriVT',#5,'Floor 4',$,$,#1262,$,$,.ELEMENT.,12);
#1264=IFCCARTESIANPOINT((0.,0.));
#1265=IFCAXIS2PLACEMENT2D(#1264,$);
#1266=IFCRECTANGLEPROFILEDEF(.AREA.,$,#1265,30,20);
#1267=IFCCARTESIANPOINT((0.,0.,0.));
#1268=IFCAXIS2PLACEMENT3D(#1267,#12,#13);
#1269=IFCEXTRUDEDAREASOLID(#1266,#1268,#12,0.3);
#1270=IFCSTYLEDITEM(#1269,(#18),$);
#1271=IFCSHAPEREPRESENTATION(#15,'Body','SweptSolid',(#1269));
#1272=IFCPRODUCTDEFINITIONSHAPE($,$,(#1271));
#1273=IFCCARTESIANPOINT((0,0,12));
#1274=IFCAXIS2PLACEMENT3D(#1273,$,$);
#1275=IFCLOCALPLACEMENT(#1262,#1274);
#1276=IFCSLAB('XUIvy71SA38E_qilpN2_O6',#5,'Slab L4',$,$,#1275,#1272,$,.FLOOR.);
#1277=IFCCARTESIANPOINT((0.,0.));
#1278=IFCAXIS2PLACEMENT2D(#1277,$);
#1279=IFCRECTANGLEPROFILEDEF(.AREA.,$,#1278,0.6,0.6);
#1280=IFCCARTESIANPOINT((0.,0.,0.));
#1281=IFCAXIS2PLACEMENT3D(#1280,#12,#13);
#1282=IFCEXTRUDEDAREASOLID(#1279,#1281,#12,3.7);
#1283=IFCSTYLEDITEM(#1282,(#21),$);
#1284=IFCSHAPEREPRESENTATION(#15,'Body','SweptSolid',(#1282));
#1285=IFCPRODUCTDEFINITIONSHAPE($,$,(#1284));
#1286=IFCCARTESIANPOINT((-14,-9,12.3));
#1287=IFCAXIS2PLACEMENT3D(#1286,$,$);
#1288=IFCLOCALPLACEMENT(#1262,#1287);
#1289=IFCCOLUMN('QKcN2oc7AJcSyirZpqMBCB',#5,'Col L4',$,$,#1288,#1285,$,$);
#1290=IFCCARTESIANPOINT((0.,0.));
#1291=IFCAXIS2PLACEMENT2D(#1290,$);
#1292=IFCRECTANGLEPROFILEDEF(.AREA.,$,#1291,0.6,0.6);
#1293=IFCCARTESIANPOINT((0.,0.,0.));
#1294=IFCAXIS2PLACEMENT3D(#1293,#12,#13);
#1295=IFCEXTRUDEDAREASOLID(#1292,#1294,#12,3.7);
#1296=IFCSTYLEDITEM(#1295,(#21),$);
#1297=IFCSHAPEREPRESENTATION(#15,'Body','SweptSolid',(#1295));
#1298=IFCPRODUCTDEFINITIONSHAPE($,$,(#1297));
#1299=IFCCARTESIANPOINT((-14,0,12.3));
#1300=IFCAXIS2PLACEMENT3D(#1299,$,$);
#1301=IFCLOCALPLACEMENT(#1262,#1300);
#1302=IFCCOLUMN('ro$sQ6lrjn$PN_acjBLVp1',#5,'Col L4',$,$,#1301,#1298,$,$);
#1303=IFCCARTESIANPOINT((0.,0.));
#1304=IFCAXIS2PLACEMENT2D(#1303,$);
#1305=IFCRECTANGLEPROFILEDEF(.AREA.,$,#1304,0.6,0.6);
#1306=IFCCARTESIANPOINT((0.,0.,0.));
#1307=IFCAXIS2PLACEMENT3D(#1306,#12,#13);
#1308=IFCEXTRUDEDAREASOLID(#1305,#1307,#12,3.7);
#1309=IFCSTYLEDITEM(#1308,(#21),$);
#1310=IFCSHAPEREPRESENTATION(#15,'Body','SweptSolid',(#1308));
#1311=IFCPRODUCTDEFINITIONSHAPE($,$,(#1310));
#1312=IFCCARTESIANPOINT((-14,9,12.3));
#1313=IFCAXIS2PLACEMENT3D(#1312,$,$);
#1314=IFCLOCALPLACEMENT(#1262,#1313);
#1315=IFCCOLUMN('li735DOJrpiR2Nbe9g1W6c',#5,'Col L4',$,$,#1314,#1311,$,$);
#1316=IFCCARTESIANPOINT((0.,0.));
#1317=IFCAXIS2PLACEMENT2D(#1316,$);
#1318=IFCRECTANGLEPROFILEDEF(.AREA.,$,#1317,0.6,0.6);
#1319=IFCCARTESIANPOINT((0.,0.,0.));
#1320=IFCAXIS2PLACEMENT3D(#1319,#12,#13);
#1321=IFCEXTRUDEDAREASOLID(#1318,#1320,#12,3.7);
#1322=IFCSTYLEDITEM(#1321,(#21),$);
#1323=IFCSHAPEREPRESENTATION(#15,'Body','SweptSolid',(#1321));
#1324=IFCPRODUCTDEFINITIONSHAPE($,$,(#1323));
#1325=IFCCARTESIANPOINT((-5,-9,12.3));
#1326=IFCAXIS2PLACEMENT3D(#1325,$,$);
#1327=IFCLOCALPLACEMENT(#1262,#1326);
#1328=IFCCOLUMN('tTJDAx01wXv7vpU_mAXRE1',#5,'Col L4',$,$,#1327,#1324,$,$);
#1329=IFCCARTESIANPOINT((0.,0.));
#1330=IFCAXIS2PLACEMENT2D(#1329,$);
#1331=IFCRECTANGLEPROFILEDEF(.AREA.,$,#1330,0.6,0.6);
#1332=IFCCARTESIANPOINT((0.,0.,0.));
#1333=IFCAXIS2PLACEMENT3D(#1332,#12,#13);
#1334=IFCEXTRUDEDAREASOLID(#1331,#1333,#12,3.7);
#1335=IFCSTYLEDITEM(#1334,(#21),$);
#1336=IFCSHAPEREPRESENTATION(#15,'Body','SweptSolid',(#1334));
#1337=IFCPRODUCTDEFINITIONSHAPE($,$,(#1336));
#1338=IFCCARTESIANPOINT((-5,0,12.3));
#1339=IFCAXIS2PLACEMENT3D(#1338,$,$);
#1340=IFCLOCALPLACEMENT(#1262,#1339);
#1341=IFCCOLUMN('vzwpuFLV60quqpfdn8$3O1',#5,'Col L4',$,$,#1340,#1337,$,$);
#1342=IFCCARTESIANPOINT((0.,0.));
#1343=IFCAXIS2PLACEMENT2D(#1342,$);
#1344=IFCRECTANGLEPROFILEDEF(.AREA.,$,#1343,0.6,0.6);
#1345=IFCCARTESIANPOINT((0.,0.,0.));
#1346=IFCAXIS2PLACEMENT3D(#1345,#12,#13);
#1347=IFCEXTRUDEDAREASOLID(#1344,#1346,#12,3.7);
#1348=IFCSTYLEDITEM(#1347,(#21),$);
#1349=IFCSHAPEREPRESENTATION(#15,'Body','SweptSolid',(#1347));
#1350=IFCPRODUCTDEFINITIONSHAPE($,$,(#1349));
#1351=IFCCARTESIANPOINT((-5,9,12.3));
#1352=IFCAXIS2PLACEMENT3D(#1351,$,$);
#1353=IFCLOCALPLACEMENT(#1262,#1352);
#1354=IFCCOLUMN('yHPXyt2I9fdNSSy4f7izx7',#5,'Col L4',$,$,#1353,#1350,$,$);
#1355=IFCCARTESIANPOINT((0.,0.));
#1356=IFCAXIS2PLACEMENT2D(#1355,$);
#1357=IFCRECTANGLEPROFILEDEF(.AREA.,$,#1356,0.6,0.6);
#1358=IFCCARTESIANPOINT((0.,0.,0.));
#1359=IFCAXIS2PLACEMENT3D(#1358,#12,#13);
#1360=IFCEXTRUDEDAREASOLID(#1357,#1359,#12,3.7);
#1361=IFCSTYLEDITEM(#1360,(#21),$);
#1362=IFCSHAPEREPRESENTATION(#15,'Body','SweptSolid',(#1360));
#1363=IFCPRODUCTDEFINITIONSHAPE($,$,(#1362));
#1364=IFCCARTESIANPOINT((5,-9,12.3));
#1365=IFCAXIS2PLACEMENT3D(#1364,$,$);
#1366=IFCLOCALPLACEMENT(#1262,#1365);
#1367=IFCCOLUMN('buMabV8HI4NsqzAZLQSDZh',#5,'Col L4',$,$,#1366,#1363,$,$);
#1368=IFCCARTESIANPOINT((0.,0.));
#1369=IFCAXIS2PLACEMENT2D(#1368,$);
#1370=IFCRECTANGLEPROFILEDEF(.AREA.,$,#1369,0.6,0.6);
#1371=IFCCARTESIANPOINT((0.,0.,0.));
#1372=IFCAXIS2PLACEMENT3D(#1371,#12,#13);
#1373=IFCEXTRUDEDAREASOLID(#1370,#1372,#12,3.7);
#1374=IFCSTYLEDITEM(#1373,(#21),$);
#1375=IFCSHAPEREPRESENTATION(#15,'Body','SweptSolid',(#1373));
#1376=IFCPRODUCTDEFINITIONSHAPE($,$,(#1375));
#1377=IFCCARTESIANPOINT((5,0,12.3));
#1378=IFCAXIS2PLACEMENT3D(#1377,$,$);
#1379=IFCLOCALPLACEMENT(#1262,#1378);
#1380=IFCCOLUMN('PCUeC7AkpHCUzrEnZO_9KP',#5,'Col L4',$,$,#1379,#1376,$,$);
#1381=IFCCARTESIANPOINT((0.,0.));
#1382=IFCAXIS2PLACEMENT2D(#1381,$);
#1383=IFCRECTANGLEPROFILEDEF(.AREA.,$,#1382,0.6,0.6);
#1384=IFCCARTESIANPOINT((0.,0.,0.));
#1385=IFCAXIS2PLACEMENT3D(#1384,#12,#13);
#1386=IFCEXTRUDEDAREASOLID(#1383,#1385,#12,3.7);
#1387=IFCSTYLEDITEM(#1386,(#21),$);
#1388=IFCSHAPEREPRESENTATION(#15,'Body','SweptSolid',(#1386));
#1389=IFCPRODUCTDEFINITIONSHAPE($,$,(#1388));
#1390=IFCCARTESIANPOINT((5,9,12.3));
#1391=IFCAXIS2PLACEMENT3D(#1390,$,$);
#1392=IFCLOCALPLACEMENT(#1262,#1391);
#1393=IFCCOLUMN('VLk9abu4EVMEYC1dolGVAf',#5,'Col L4',$,$,#1392,#1389,$,$);
#1394=IFCCARTESIANPOINT((0.,0.));
#1395=IFCAXIS2PLACEMENT2D(#1394,$);
#1396=IFCRECTANGLEPROFILEDEF(.AREA.,$,#1395,0.6,0.6);
#1397=IFCCARTESIANPOINT((0.,0.,0.));
#1398=IFCAXIS2PLACEMENT3D(#1397,#12,#13);
#1399=IFCEXTRUDEDAREASOLID(#1396,#1398,#12,3.7);
#1400=IFCSTYLEDITEM(#1399,(#21),$);
#1401=IFCSHAPEREPRESENTATION(#15,'Body','SweptSolid',(#1399));
#1402=IFCPRODUCTDEFINITIONSHAPE($,$,(#1401));
#1403=IFCCARTESIANPOINT((14,-9,12.3));
#1404=IFCAXIS2PLACEMENT3D(#1403,$,$);
#1405=IFCLOCALPLACEMENT(#1262,#1404);
#1406=IFCCOLUMN('GZY_0_ydOOve2b0KN30CY5',#5,'Col L4',$,$,#1405,#1402,$,$);
#1407=IFCCARTESIANPOINT((0.,0.));
#1408=IFCAXIS2PLACEMENT2D(#1407,$);
#1409=IFCRECTANGLEPROFILEDEF(.AREA.,$,#1408,0.6,0.6);
#1410=IFCCARTESIANPOINT((0.,0.,0.));
#1411=IFCAXIS2PLACEMENT3D(#1410,#12,#13);
#1412=IFCEXTRUDEDAREASOLID(#1409,#1411,#12,3.7);
#1413=IFCSTYLEDITEM(#1412,(#21),$);
#1414=IFCSHAPEREPRESENTATION(#15,'Body','SweptSolid',(#1412));
#1415=IFCPRODUCTDEFINITIONSHAPE($,$,(#1414));
#1416=IFCCARTESIANPOINT((14,0,12.3));
#1417=IFCAXIS2PLACEMENT3D(#1416,$,$);
#1418=IFCLOCALPLACEMENT(#1262,#1417);
#1419=IFCCOLUMN('CB2Mse5Ee1gYQNYWRxI3OW',#5,'Col L4',$,$,#1418,#1415,$,$);
#1420=IFCCARTESIANPOINT((0.,0.));
#1421=IFCAXIS2PLACEMENT2D(#1420,$);
#1422=IFCRECTANGLEPROFILEDEF(.AREA.,$,#1421,0.6,0.6);
#1423=IFCCARTESIANPOINT((0.,0.,0.));
#1424=IFCAXIS2PLACEMENT3D(#1423,#12,#13);
#1425=IFCEXTRUDEDAREASOLID(#1422,#1424,#12,3.7);
#1426=IFCSTYLEDITEM(#1425,(#21),$);
#1427=IFCSHAPEREPRESENTATION(#15,'Body','SweptSolid',(#1425));
#1428=IFCPRODUCTDEFINITIONSHAPE($,$,(#1427));
#1429=IFCCARTESIANPOINT((14,9,12.3));
#1430=IFCAXIS2PLACEMENT3D(#1429,$,$);
#1431=IFCLOCALPLACEMENT(#1262,#1430);
#1432=IFCCOLUMN('75vYJaL_ONctGoZS427MVY',#5,'Col L4',$,$,#1431,#1428,$,$);
#1433=IFCCARTESIANPOINT((0.,0.));
#1434=IFCAXIS2PLACEMENT2D(#1433,$);
#1435=IFCRECTANGLEPROFILEDEF(.AREA.,$,#1434,6,0.3);
#1436=IFCCARTESIANPOINT((0.,0.,0.));
#1437=IFCAXIS2PLACEMENT3D(#1436,#12,#13);
#1438=IFCEXTRUDEDAREASOLID(#1435,#1437,#12,3.7);
#1439=IFCSTYLEDITEM(#1438,(#30),$);
#1440=IFCSHAPEREPRESENTATION(#15,'Body','SweptSolid',(#1438));
#1441=IFCPRODUCTDEFINITIONSHAPE($,$,(#1440));
#1442=IFCCARTESIANPOINT((0,-2,12.3));
#1443=IFCAXIS2PLACEMENT3D(#1442,$,$);
#1444=IFCLOCALPLACEMENT(#1262,#1443);
#1445=IFCWALL('CSUkUYf9UsSFfiR5zWptOf',#5,'Core L4',$,$,#1444,#1441,$,$);
#1446=IFCCARTESIANPOINT((0.,0.));
#1447=IFCAXIS2PLACEMENT2D(#1446,$);
#1448=IFCRECTANGLEPROFILEDEF(.AREA.,$,#1447,0.3,4);
#1449=IFCCARTESIANPOINT((0.,0.,0.));
#1450=IFCAXIS2PLACEMENT3D(#1449,#12,#13);
#1451=IFCEXTRUDEDAREASOLID(#1448,#1450,#12,3.7);
#1452=IFCSTYLEDITEM(#1451,(#30),$);
#1453=IFCSHAPEREPRESENTATION(#15,'Body','SweptSolid',(#1451));
#1454=IFCPRODUCTDEFINITIONSHAPE($,$,(#1453));
#1455=IFCCARTESIANPOINT((-3,0,12.3));
#1456=IFCAXIS2PLACEMENT3D(#1455,$,$);
#1457=IFCLOCALPLACEMENT(#1262,#1456);
#1458=IFCWALL('vyoGLDMuTdWaCWiYjCtdms',#5,'Core L4',$,$,#1457,#1454,$,$);
#1459=IFCCARTESIANPOINT((0.,0.));
#1460=IFCAXIS2PLACEMENT2D(#1459,$);
#1461=IFCRECTANGLEPROFILEDEF(.AREA.,$,#1460,30,0.3);
#1462=IFCCARTESIANPOINT((0.,0.,0.));
#1463=IFCAXIS2PLACEMENT3D(#1462,#12,#13);
#1464=IFCEXTRUDEDAREASOLID(#1461,#1463,#12,3.7);
#1465=IFCSTYLEDITEM(#1464,(#18),$);
#1466=IFCSHAPEREPRESENTATION(#15,'Body','SweptSolid',(#1464));
#1467=IFCPRODUCTDEFINITIONSHAPE($,$,(#1466));
#1468=IFCCARTESIANPOINT((0,9.85,12.3));
#1469=IFCAXIS2PLACEMENT3D(#1468,$,$);
#1470=IFCLOCALPLACEMENT(#1262,#1469);
#1471=IFCWALL('SXQ4vKFMuvoGTSSRjFtyEN',#5,'Back L4',$,$,#1470,#1467,$,$);
#1472=IFCCARTESIANPOINT((0.,0.));
#1473=IFCAXIS2PLACEMENT2D(#1472,$);
#1474=IFCRECTANGLEPROFILEDEF(.AREA.,$,#1473,0.3,20);
#1475=IFCCARTESIANPOINT((0.,0.,0.));
#1476=IFCAXIS2PLACEMENT3D(#1475,#12,#13);
#1477=IFCEXTRUDEDAREASOLID(#1474,#1476,#12,3.7);
#1478=IFCSTYLEDITEM(#1477,(#18),$);
#1479=IFCSHAPEREPRESENTATION(#15,'Body','SweptSolid',(#1477));
#1480=IFCPRODUCTDEFINITIONSHAPE($,$,(#1479));
#1481=IFCCARTESIANPOINT((-14.85,0,12.3));
#1482=IFCAXIS2PLACEMENT3D(#1481,$,$);
#1483=IFCLOCALPLACEMENT(#1262,#1482);
#1484=IFCWALL('L0alBACKiRxqMN2JMbQnqo',#5,'Side L4',$,$,#1483,#1480,$,$);
#1485=IFCCARTESIANPOINT((0.,0.));
#1486=IFCAXIS2PLACEMENT2D(#1485,$);
#1487=IFCRECTANGLEPROFILEDEF(.AREA.,$,#1486,0.3,20);
#1488=IFCCARTESIANPOINT((0.,0.,0.));
#1489=IFCAXIS2PLACEMENT3D(#1488,#12,#13);
#1490=IFCEXTRUDEDAREASOLID(#1487,#1489,#12,3.7);
#1491=IFCSTYLEDITEM(#1490,(#18),$);
#1492=IFCSHAPEREPRESENTATION(#15,'Body','SweptSolid',(#1490));
#1493=IFCPRODUCTDEFINITIONSHAPE($,$,(#1492));
#1494=IFCCARTESIANPOINT((14.85,0,12.3));
#1495=IFCAXIS2PLACEMENT3D(#1494,$,$);
#1496=IFCLOCALPLACEMENT(#1262,#1495);
#1497=IFCWALL('wZ1Qa7DljDygusrPXN_NNA',#5,'Side L4',$,$,#1496,#1493,$,$);
#1498=IFCCARTESIANPOINT((0.,0.));
#1499=IFCAXIS2PLACEMENT2D(#1498,$);
#1500=IFCRECTANGLEPROFILEDEF(.AREA.,$,#1499,4.683333333333333,0.08);
#1501=IFCCARTESIANPOINT((0.,0.,0.));
#1502=IFCAXIS2PLACEMENT3D(#1501,#12,#13);
#1503=IFCEXTRUDEDAREASOLID(#1500,#1502,#12,3.3000000000000003);
#1504=IFCSTYLEDITEM(#1503,(#24),$);
#1505=IFCSHAPEREPRESENTATION(#15,'Body','SweptSolid',(#1503));
#1506=IFCPRODUCTDEFINITIONSHAPE($,$,(#1505));
#1507=IFCCARTESIANPOINT((-12.083333333333334,-9.9,12.5));
#1508=IFCAXIS2PLACEMENT3D(#1507,$,$);
#1509=IFCLOCALPLACEMENT(#1262,#1508);
#1510=IFCWINDOW('KfJCw$3TWRG1P_2FkvO$dK',#5,'Glazing L4',$,$,#1509,#1506,$,$,$);
#1511=IFCCARTESIANPOINT((0.,0.));
#1512=IFCAXIS2PLACEMENT2D(#1511,$);
#1513=IFCRECTANGLEPROFILEDEF(.AREA.,$,#1512,0.12,0.15);
#1514=IFCCARTESIANPOINT((0.,0.,0.));
#1515=IFCAXIS2PLACEMENT3D(#1514,#12,#13);
#1516=IFCEXTRUDEDAREASOLID(#1513,#1515,#12,3.7);
#1517=IFCSTYLEDITEM(#1516,(#27),$);
#1518=IFCSHAPEREPRESENTATION(#15,'Body','SweptSolid',(#1516));
#1519=IFCPRODUCTDEFINITIONSHAPE($,$,(#1518));
#1520=IFCCARTESIANPOINT((-14.5,-9.9,12.3));
#1521=IFCAXIS2PLACEMENT3D(#1520,$,$);
#1522=IFCLOCALPLACEMENT(#1262,#1521);
#1523=IFCPLATE('SghX32SIaBKER0MH8im5UF',#5,'Mullion L4',$,$,#1522,#1519,$,$);
#1524=IFCCARTESIANPOINT((0.,0.));
#1525=IFCAXIS2PLACEMENT2D(#1524,$);
#1526=IFCRECTANGLEPROFILEDEF(.AREA.,$,#1525,4.683333333333333,0.08);
#1527=IFCCARTESIANPOINT((0.,0.,0.));
#1528=IFCAXIS2PLACEMENT3D(#1527,#12,#13);
#1529=IFCEXTRUDEDAREASOLID(#1526,#1528,#12,3.3000000000000003);
#1530=IFCSTYLEDITEM(#1529,(#24),$);
#1531=IFCSHAPEREPRESENTATION(#15,'Body','SweptSolid',(#1529));
#1532=IFCPRODUCTDEFINITIONSHAPE($,$,(#1531));
#1533=IFCCARTESIANPOINT((-7.25,-9.9,12.5));
#1534=IFCAXIS2PLACEMENT3D(#1533,$,$);
#1535=IFCLOCALPLACEMENT(#1262,#1534);
#1536=IFCWINDOW('EONLF_aUq2qWjJs9nrb1BJ',#5,'Glazing L4',$,$,#1535,#1532,$,$,$);
#1537=IFCCARTESIANPOINT((0.,0.));
#1538=IFCAXIS2PLACEMENT2D(#1537,$);
#1539=IFCRECTANGLEPROFILEDEF(.AREA.,$,#1538,0.12,0.15);
#1540=IFCCARTESIANPOINT((0.,0.,0.));
#1541=IFCAXIS2PLACEMENT3D(#1540,#12,#13);
#1542=IFCEXTRUDEDAREASOLID(#1539,#1541,#12,3.7);
#1543=IFCSTYLEDITEM(#1542,(#27),$);
#1544=IFCSHAPEREPRESENTATION(#15,'Body','SweptSolid',(#1542));
#1545=IFCPRODUCTDEFINITIONSHAPE($,$,(#1544));
#1546=IFCCARTESIANPOINT((-9.666666666666668,-9.9,12.3));
#1547=IFCAXIS2PLACEMENT3D(#1546,$,$);
#1548=IFCLOCALPLACEMENT(#1262,#1547);
#1549=IFCPLATE('Esws0XHXMbiZ41o$TaeMqW',#5,'Mullion L4',$,$,#1548,#1545,$,$);
#1550=IFCCARTESIANPOINT((0.,0.));
#1551=IFCAXIS2PLACEMENT2D(#1550,$);
#1552=IFCRECTANGLEPROFILEDEF(.AREA.,$,#1551,4.683333333333333,0.08);
#1553=IFCCARTESIANPOINT((0.,0.,0.));
#1554=IFCAXIS2PLACEMENT3D(#1553,#12,#13);
#1555=IFCEXTRUDEDAREASOLID(#1552,#1554,#12,3.3000000000000003);
#1556=IFCSTYLEDITEM(#1555,(#24),$);
#1557=IFCSHAPEREPRESENTATION(#15,'Body','SweptSolid',(#1555));
#1558=IFCPRODUCTDEFINITIONSHAPE($,$,(#1557));
#1559=IFCCARTESIANPOINT((-2.416666666666668,-9.9,12.5));
#1560=IFCAXIS2PLACEMENT3D(#1559,$,$);
#1561=IFCLOCALPLACEMENT(#1262,#1560);
#1562=IFCWINDOW('_15lXh3n02GaUuPUrkk8i2',#5,'Glazing L4',$,$,#1561,#1558,$,$,$);
#1563=IFCCARTESIANPOINT((0.,0.));
#1564=IFCAXIS2PLACEMENT2D(#1563,$);
#1565=IFCRECTANGLEPROFILEDEF(.AREA.,$,#1564,0.12,0.15);
#1566=IFCCARTESIANPOINT((0.,0.,0.));
#1567=IFCAXIS2PLACEMENT3D(#1566,#12,#13);
#1568=IFCEXTRUDEDAREASOLID(#1565,#1567,#12,3.7);
#1569=IFCSTYLEDITEM(#1568,(#27),$);
#1570=IFCSHAPEREPRESENTATION(#15,'Body','SweptSolid',(#1568));
#1571=IFCPRODUCTDEFINITIONSHAPE($,$,(#1570));
#1572=IFCCARTESIANPOINT((-4.833333333333334,-9.9,12.3));
#1573=IFCAXIS2PLACEMENT3D(#1572,$,$);
#1574=IFCLOCALPLACEMENT(#1262,#1573);
#1575=IFCPLATE('fojmG8IYmR7Z7ZAAy4gds9',#5,'Mullion L4',$,$,#1574,#1571,$,$);
#1576=IFCCARTESIANPOINT((0.,0.));
#1577=IFCAXIS2PLACEMENT2D(#1576,$);
#1578=IFCRECTANGLEPROFILEDEF(.AREA.,$,#1577,4.683333333333333,0.08);
#1579=IFCCARTESIANPOINT((0.,0.,0.));
#1580=IFCAXIS2PLACEMENT3D(#1579,#12,#13);
#1581=IFCEXTRUDEDAREASOLID(#1578,#1580,#12,3.3000000000000003);
#1582=IFCSTYLEDITEM(#1581,(#24),$);
#1583=IFCSHAPEREPRESENTATION(#15,'Body','SweptSolid',(#1581));
#1584=IFCPRODUCTDEFINITIONSHAPE($,$,(#1583));
#1585=IFCCARTESIANPOINT((2.4166666666666643,-9.9,12.5));
#1586=IFCAXIS2PLACEMENT3D(#1585,$,$);
#1587=IFCLOCALPLACEMENT(#1262,#1586);
#1588=IFCWINDOW('vbYppeU6bFqkhrfzTKQa5I',#5,'Glazing L4',$,$,#1587,#1584,$,$,$);
#1589=IFCCARTESIANPOINT((0.,0.));
#1590=IFCAXIS2PLACEMENT2D(#1589,$);
#1591=IFCRECTANGLEPROFILEDEF(.AREA.,$,#1590,0.12,0.15);
#1592=IFCCARTESIANPOINT((0.,0.,0.));
#1593=IFCAXIS2PLACEMENT3D(#1592,#12,#13);
#1594=IFCEXTRUDEDAREASOLID(#1591,#1593,#12,3.7);
#1595=IFCSTYLEDITEM(#1594,(#27),$);
#1596=IFCSHAPEREPRESENTATION(#15,'Body','SweptSolid',(#1594));
#1597=IFCPRODUCTDEFINITIONSHAPE($,$,(#1596));
#1598=IFCCARTESIANPOINT((0,-9.9,12.3));
#1599=IFCAXIS2PLACEMENT3D(#1598,$,$);
#1600=IFCLOCALPLACEMENT(#1262,#1599);
#1601=IFCPLATE('etNs0PhwbXsi1q5x7jNhOP',#5,'Mullion L4',$,$,#1600,#1597,$,$);
#1602=IFCCARTESIANPOINT((0.,0.));
#1603=IFCAXIS2PLACEMENT2D(#1602,$);
#1604=IFCRECTANGLEPROFILEDEF(.AREA.,$,#1603,4.683333333333333,0.08);
#1605=IFCCARTESIANPOINT((0.,0.,0.));
#1606=IFCAXIS2PLACEMENT3D(#1605,#12,#13);
#1607=IFCEXTRUDEDAREASOLID(#1604,#1606,#12,3.3000000000000003);
#1608=IFCSTYLEDITEM(#1607,(#24),$);
#1609=IFCSHAPEREPRESENTATION(#15,'Body','SweptSolid',(#1607));
#1610=IFCPRODUCTDEFINITIONSHAPE($,$,(#1609));
#1611=IFCCARTESIANPOINT((7.25,-9.9,12.5));
#1612=IFCAXIS2PLACEMENT3D(#1611,$,$);
#1613=IFCLOCALPLACEMENT(#1262,#1612);
#1614=IFCWINDOW('KqiHHpA5JbQ2Hw_z4pQoId',#5,'Glazing L4',$,$,#1613,#1610,$,$,$);
#1615=IFCCARTESIANPOINT((0.,0.));
#1616=IFCAXIS2PLACEMENT2D(#1615,$);
#1617=IFCRECTANGLEPROFILEDEF(.AREA.,$,#1616,0.12,0.15);
#1618=IFCCARTESIANPOINT((0.,0.,0.));
#1619=IFCAXIS2PLACEMENT3D(#1618,#12,#13);
#1620=IFCEXTRUDEDAREASOLID(#1617,#1619,#12,3.7);
#1621=IFCSTYLEDITEM(#1620,(#27),$);
#1622=IFCSHAPEREPRESENTATION(#15,'Body','SweptSolid',(#1620));
#1623=IFCPRODUCTDEFINITIONSHAPE($,$,(#1622));
#1624=IFCCARTESIANPOINT((4.833333333333332,-9.9,12.3));
#1625=IFCAXIS2PLACEMENT3D(#1624,$,$);
#1626=IFCLOCALPLACEMENT(#1262,#1625);
#1627=IFCPLATE('$jkRSX1E1W8OBFQTIN_kl2',#5,'Mullion L4',$,$,#1626,#1623,$,$);
#1628=IFCCARTESIANPOINT((0.,0.));
#1629=IFCAXIS2PLACEMENT2D(#1628,$);
#1630=IFCRECTANGLEPROFILEDEF(.AREA.,$,#1629,4.683333333333333,0.08);
#1631=IFCCARTESIANPOINT((0.,0.,0.));
#1632=IFCAXIS2PLACEMENT3D(#1631,#12,#13);
#1633=IFCEXTRUDEDAREASOLID(#1630,#1632,#12,3.3000000000000003);
#1634=IFCSTYLEDITEM(#1633,(#24),$);
#1635=IFCSHAPEREPRESENTATION(#15,'Body','SweptSolid',(#1633));
#1636=IFCPRODUCTDEFINITIONSHAPE($,$,(#1635));
#1637=IFCCARTESIANPOINT((12.083333333333332,-9.9,12.5));
#1638=IFCAXIS2PLACEMENT3D(#1637,$,$);
#1639=IFCLOCALPLACEMENT(#1262,#1638);
#1640=IFCWINDOW('acLP5fE8cceIix$ZB2mMKw',#5,'Glazing L4',$,$,#1639,#1636,$,$,$);
#1641=IFCCARTESIANPOINT((0.,0.));
#1642=IFCAXIS2PLACEMENT2D(#1641,$);
#1643=IFCRECTANGLEPROFILEDEF(.AREA.,$,#1642,0.12,0.15);
#1644=IFCCARTESIANPOINT((0.,0.,0.));
#1645=IFCAXIS2PLACEMENT3D(#1644,#12,#13);
#1646=IFCEXTRUDEDAREASOLID(#1643,#1645,#12,3.7);
#1647=IFCSTYLEDITEM(#1646,(#27),$);
#1648=IFCSHAPEREPRESENTATION(#15,'Body','SweptSolid',(#1646));
#1649=IFCPRODUCTDEFINITIONSHAPE($,$,(#1648));
#1650=IFCCARTESIANPOINT((9.666666666666664,-9.9,12.3));
#1651=IFCAXIS2PLACEMENT3D(#1650,$,$);
#1652=IFCLOCALPLACEMENT(#1262,#1651);
#1653=IFCPLATE('euGxTfbnu5ZHEdOcKl7PZU',#5,'Mullion L4',$,$,#1652,#1649,$,$);
#1654=IFCCARTESIANPOINT((0.,0.));
#1655=IFCAXIS2PLACEMENT2D(#1654,$);
#1656=IFCRECTANGLEPROFILEDEF(.AREA.,$,#1655,29,0.15);
#1657=IFCCARTESIANPOINT((0.,0.,0.));
#1658=IFCAXIS2PLACEMENT3D(#1657,#12,#13);
#1659=IFCEXTRUDEDAREASOLID(#1656,#1658,#12,0.4);
#1660=IFCSTYLEDITEM(#1659,(#18),$);
#1661=IFCSHAPEREPRESENTATION(#15,'Body','SweptSolid',(#1659));
#1662=IFCPRODUCTDEFINITIONSHAPE($,$,(#1661));
#1663=IFCCARTESIANPOINT((0,-9.9,12.3));
#1664=IFCAXIS2PLACEMENT3D(#1663,$,$);
#1665=IFCLOCALPLACEMENT(#1262,#1664);
#1666=IFCPLATE('mOCki7ejRrkTj0KukgNgBf',#5,'Spandrel L4',$,$,#1665,#1662,$,$);
#1667=IFCCARTESIANPOINT((0,0,16));
#1668=IFCAXIS2PLACEMENT3D(#1667,$,$);
#1669=IFCLOCALPLACEMENT(#37,#1668);
#1670=IFCBUILDINGSTOREY('igDad2YdyS_6DxbTIBq2Ka',#5,'Floor 5',$,$,#1669,$,$,.ELEMENT.,16);
#1671=IFCCARTESIANPOINT((0.,0.));
#1672=IFCAXIS2PLACEMENT2D(#1671,$);
#1673=IFCRECTANGLEPROFILEDEF(.AREA.,$,#1672,30,20);
#1674=IFCCARTESIANPOINT((0.,0.,0.));
#1675=IFCAXIS2PLACEMENT3D(#1674,#12,#13);
#1676=IFCEXTRUDEDAREASOLID(#1673,#1675,#12,0.3);
#1677=IFCSTYLEDITEM(#1676,(#18),$);
#1678=IFCSHAPEREPRESENTATION(#15,'Body','SweptSolid',(#1676));
#1679=IFCPRODUCTDEFINITIONSHAPE($,$,(#1678));
#1680=IFCCARTESIANPOINT((0,0,16));
#1681=IFCAXIS2PLACEMENT3D(#1680,$,$);
#1682=IFCLOCALPLACEMENT(#1669,#1681);
#1683=IFCSLAB('CpFf4BM_Zcgs0On1GTy0HG',#5,'Slab L5',$,$,#1682,#1679,$,.FLOOR.);
#1684=IFCCARTESIANPOINT((0.,0.));
#1685=IFCAXIS2PLACEMENT2D(#1684,$);
#1686=IFCRECTANGLEPROFILEDEF(.AREA.,$,#1685,0.6,0.6);
#1687=IFCCARTESIANPOINT((0.,0.,0.));
#1688=IFCAXIS2PLACEMENT3D(#1687,#12,#13);
#1689=IFCEXTRUDEDAREASOLID(#1686,#1688,#12,3.7);
#1690=IFCSTYLEDITEM(#1689,(#21),$);
#1691=IFCSHAPEREPRESENTATION(#15,'Body','SweptSolid',(#1689));
#1692=IFCPRODUCTDEFINITIONSHAPE($,$,(#1691));
#1693=IFCCARTESIANPOINT((-14,-9,16.3));
#1694=IFCAXIS2PLACEMENT3D(#1693,$,$);
#1695=IFCLOCALPLACEMENT(#1669,#1694);
#1696=IFCCOLUMN('kZfqIik_9ctG5U258GdZFZ',#5,'Col L5',$,$,#1695,#1692,$,$);
#1697=IFCCARTESIANPOINT((0.,0.));
#1698=IFCAXIS2PLACEMENT2D(#1697,$);
#1699=IFCRECTANGLEPROFILEDEF(.AREA.,$,#1698,0.6,0.6);
#1700=IFCCARTESIANPOINT((0.,0.,0.));
#1701=IFCAXIS2PLACEMENT3D(#1700,#12,#13);
#1702=IFCEXTRUDEDAREASOLID(#1699,#1701,#12,3.7);
#1703=IFCSTYLEDITEM(#1702,(#21),$);
#1704=IFCSHAPEREPRESENTATION(#15,'Body','SweptSolid',(#1702));
#1705=IFCPRODUCTDEFINITIONSHAPE($,$,(#1704));
#1706=IFCCARTESIANPOINT((-14,0,16.3));
#1707=IFCAXIS2PLACEMENT3D(#1706,$,$);
#1708=IFCLOCALPLACEMENT(#1669,#1707);
#1709=IFCCOLUMN('_KcyjKa_CBf9IwYF0FaHTz',#5,'Col L5',$,$,#1708,#1705,$,$);
#1710=IFCCARTESIANPOINT((0.,0.));
#1711=IFCAXIS2PLACEMENT2D(#1710,$);
#1712=IFCRECTANGLEPROFILEDEF(.AREA.,$,#1711,0.6,0.6);
#1713=IFCCARTESIANPOINT((0.,0.,0.));
#1714=IFCAXIS2PLACEMENT3D(#1713,#12,#13);
#1715=IFCEXTRUDEDAREASOLID(#1712,#1714,#12,3.7);
#1716=IFCSTYLEDITEM(#1715,(#21),$);
#1717=IFCSHAPEREPRESENTATION(#15,'Body','SweptSolid',(#1715));
#1718=IFCPRODUCTDEFINITIONSHAPE($,$,(#1717));
#1719=IFCCARTESIANPOINT((-14,9,16.3));
#1720=IFCAXIS2PLACEMENT3D(#1719,$,$);
#1721=IFCLOCALPLACEMENT(#1669,#1720);
#1722=IFCCOLUMN('QzCZEBu5nvqPphnXJREMAp',#5,'Col L5',$,$,#1721,#1718,$,$);
#1723=IFCCARTESIANPOINT((0.,0.));
#1724=IFCAXIS2PLACEMENT2D(#1723,$);
#1725=IFCRECTANGLEPROFILEDEF(.AREA.,$,#1724,0.6,0.6);
#1726=IFCCARTESIANPOINT((0.,0.,0.));
#1727=IFCAXIS2PLACEMENT3D(#1726,#12,#13);
#1728=IFCEXTRUDEDAREASOLID(#1725,#1727,#12,3.7);
#1729=IFCSTYLEDITEM(#1728,(#21),$);
#1730=IFCSHAPEREPRESENTATION(#15,'Body','SweptSolid',(#1728));
#1731=IFCPRODUCTDEFINITIONSHAPE($,$,(#1730));
#1732=IFCCARTESIANPOINT((-5,-9,16.3));
#1733=IFCAXIS2PLACEMENT3D(#1732,$,$);
#1734=IFCLOCALPLACEMENT(#1669,#1733);
#1735=IFCCOLUMN('WQhr8uMa4ePGRClOZrFigV',#5,'Col L5',$,$,#1734,#1731,$,$);
#1736=IFCCARTESIANPOINT((0.,0.));
#1737=IFCAXIS2PLACEMENT2D(#1736,$);
#1738=IFCRECTANGLEPROFILEDEF(.AREA.,$,#1737,0.6,0.6);
#1739=IFCCARTESIANPOINT((0.,0.,0.));
#1740=IFCAXIS2PLACEMENT3D(#1739,#12,#13);
#1741=IFCEXTRUDEDAREASOLID(#1738,#1740,#12,3.7);
#1742=IFCSTYLEDITEM(#1741,(#21),$);
#1743=IFCSHAPEREPRESENTATION(#15,'Body','SweptSolid',(#1741));
#1744=IFCPRODUCTDEFINITIONSHAPE($,$,(#1743));
#1745=IFCCARTESIANPOINT((-5,0,16.3));
#1746=IFCAXIS2PLACEMENT3D(#1745,$,$);
#1747=IFCLOCALPLACEMENT(#1669,#1746);
#1748=IFCCOLUMN('qlCc5CG8xaex8khDvHSJzS',#5,'Col L5',$,$,#1747,#1744,$,$);
#1749=IFCCARTESIANPOINT((0.,0.));
#1750=IFCAXIS2PLACEMENT2D(#1749,$);
#1751=IFCRECTANGLEPROFILEDEF(.AREA.,$,#1750,0.6,0.6);
#1752=IFCCARTESIANPOINT((0.,0.,0.));
#1753=IFCAXIS2PLACEMENT3D(#1752,#12,#13);
#1754=IFCEXTRUDEDAREASOLID(#1751,#1753,#12,3.7);
#1755=IFCSTYLEDITEM(#1754,(#21),$);
#1756=IFCSHAPEREPRESENTATION(#15,'Body','SweptSolid',(#1754));
#1757=IFCPRODUCTDEFINITIONSHAPE($,$,(#1756));
#1758=IFCCARTESIANPOINT((-5,9,16.3));
#1759=IFCAXIS2PLACEMENT3D(#1758,$,$);
#1760=IFCLOCALPLACEMENT(#1669,#1759);
#1761=IFCCOLUMN('c0Ij4NyKWQbBBsb$YnE2_r',#5,'Col L5',$,$,#1760,#1757,$,$);
#1762=IFCCARTESIANPOINT((0.,0.));
#1763=IFCAXIS2PLACEMENT2D(#1762,$);
#1764=IFCRECTANGLEPROFILEDEF(.AREA.,$,#1763,0.6,0.6);
#1765=IFCCARTESIANPOINT((0.,0.,0.));
#1766=IFCAXIS2PLACEMENT3D(#1765,#12,#13);
#1767=IFCEXTRUDEDAREASOLID(#1764,#1766,#12,3.7);
#1768=IFCSTYLEDITEM(#1767,(#21),$);
#1769=IFCSHAPEREPRESENTATION(#15,'Body','SweptSolid',(#1767));
#1770=IFCPRODUCTDEFINITIONSHAPE($,$,(#1769));
#1771=IFCCARTESIANPOINT((5,-9,16.3));
#1772=IFCAXIS2PLACEMENT3D(#1771,$,$);
#1773=IFCLOCALPLACEMENT(#1669,#1772);
#1774=IFCCOLUMN('d1glTMuLtUeqCtuGNJUHDC',#5,'Col L5',$,$,#1773,#1770,$,$);
#1775=IFCCARTESIANPOINT((0.,0.));
#1776=IFCAXIS2PLACEMENT2D(#1775,$);
#1777=IFCRECTANGLEPROFILEDEF(.AREA.,$,#1776,0.6,0.6);
#1778=IFCCARTESIANPOINT((0.,0.,0.));
#1779=IFCAXIS2PLACEMENT3D(#1778,#12,#13);
#1780=IFCEXTRUDEDAREASOLID(#1777,#1779,#12,3.7);
#1781=IFCSTYLEDITEM(#1780,(#21),$);
#1782=IFCSHAPEREPRESENTATION(#15,'Body','SweptSolid',(#1780));
#1783=IFCPRODUCTDEFINITIONSHAPE($,$,(#1782));
#1784=IFCCARTESIANPOINT((5,0,16.3));
#1785=IFCAXIS2PLACEMENT3D(#1784,$,$);
#1786=IFCLOCALPLACEMENT(#1669,#1785);
#1787=IFCCOLUMN('1wruq38U2RXYUSF0fPEkZ1',#5,'Col L5',$,$,#1786,#1783,$,$);
#1788=IFCCARTESIANPOINT((0.,0.));
#1789=IFCAXIS2PLACEMENT2D(#1788,$);
#1790=IFCRECTANGLEPROFILEDEF(.AREA.,$,#1789,0.6,0.6);
#1791=IFCCARTESIANPOINT((0.,0.,0.));
#1792=IFCAXIS2PLACEMENT3D(#1791,#12,#13);
#1793=IFCEXTRUDEDAREASOLID(#1790,#1792,#12,3.7);
#1794=IFCSTYLEDITEM(#1793,(#21),$);
#1795=IFCSHAPEREPRESENTATION(#15,'Body','SweptSolid',(#1793));
#1796=IFCPRODUCTDEFINITIONSHAPE($,$,(#1795));
#1797=IFCCARTESIANPOINT((5,9,16.3));
#1798=IFCAXIS2PLACEMENT3D(#1797,$,$);
#1799=IFCLOCALPLACEMENT(#1669,#1798);
#1800=IFCCOLUMN('keVYs$5x7KSs95VFqblwra',#5,'Col L5',$,$,#1799,#1796,$,$);
#1801=IFCCARTESIANPOINT((0.,0.));
#1802=IFCAXIS2PLACEMENT2D(#1801,$);
#1803=IFCRECTANGLEPROFILEDEF(.AREA.,$,#1802,0.6,0.6);
#1804=IFCCARTESIANPOINT((0.,0.,0.));
#1805=IFCAXIS2PLACEMENT3D(#1804,#12,#13);
#1806=IFCEXTRUDEDAREASOLID(#1803,#1805,#12,3.7);
#1807=IFCSTYLEDITEM(#1806,(#21),$);
#1808=IFCSHAPEREPRESENTATION(#15,'Body','SweptSolid',(#1806));
#1809=IFCPRODUCTDEFINITIONSHAPE($,$,(#1808));
#1810=IFCCARTESIANPOINT((14,-9,16.3));
#1811=IFCAXIS2PLACEMENT3D(#1810,$,$);
#1812=IFCLOCALPLACEMENT(#1669,#1811);
#1813=IFCCOLUMN('qlnnONUoCjxUC_mHjNe6YT',#5,'Col L5',$,$,#1812,#1809,$,$);
#1814=IFCCARTESIANPOINT((0.,0.));
#1815=IFCAXIS2PLACEMENT2D(#1814,$);
#1816=IFCRECTANGLEPROFILEDEF(.AREA.,$,#1815,0.6,0.6);
#1817=IFCCARTESIANPOINT((0.,0.,0.));
#1818=IFCAXIS2PLACEMENT3D(#1817,#12,#13);
#1819=IFCEXTRUDEDAREASOLID(#1816,#1818,#12,3.7);
#1820=IFCSTYLEDITEM(#1819,(#21),$);
#1821=IFCSHAPEREPRESENTATION(#15,'Body','SweptSolid',(#1819));
#1822=IFCPRODUCTDEFINITIONSHAPE($,$,(#1821));
#1823=IFCCARTESIANPOINT((14,0,16.3));
#1824=IFCAXIS2PLACEMENT3D(#1823,$,$);
#1825=IFCLOCALPLACEMENT(#1669,#1824);
#1826=IFCCOLUMN('1TF7pDB0W23Hszy1pPkSfI',#5,'Col L5',$,$,#1825,#1822,$,$);
#1827=IFCCARTESIANPOINT((0.,0.));
#1828=IFCAXIS2PLACEMENT2D(#1827,$);
#1829=IFCRECTANGLEPROFILEDEF(.AREA.,$,#1828,0.6,0.6);
#1830=IFCCARTESIANPOINT((0.,0.,0.));
#1831=IFCAXIS2PLACEMENT3D(#1830,#12,#13);
#1832=IFCEXTRUDEDAREASOLID(#1829,#1831,#12,3.7);
#1833=IFCSTYLEDITEM(#1832,(#21),$);
#1834=IFCSHAPEREPRESENTATION(#15,'Body','SweptSolid',(#1832));
#1835=IFCPRODUCTDEFINITIONSHAPE($,$,(#1834));
#1836=IFCCARTESIANPOINT((14,9,16.3));
#1837=IFCAXIS2PLACEMENT3D(#1836,$,$);
#1838=IFCLOCALPLACEMENT(#1669,#1837);
#1839=IFCCOLUMN('cm61SZVcMPk4lqnyUHHiz0',#5,'Col L5',$,$,#1838,#1835,$,$);
#1840=IFCCARTESIANPOINT((0.,0.));
#1841=IFCAXIS2PLACEMENT2D(#1840,$);
#1842=IFCRECTANGLEPROFILEDEF(.AREA.,$,#1841,6,0.3);
#1843=IFCCARTESIANPOINT((0.,0.,0.));
#1844=IFCAXIS2PLACEMENT3D(#1843,#12,#13);
#1845=IFCEXTRUDEDAREASOLID(#1842,#1844,#12,3.7);
#1846=IFCSTYLEDITEM(#1845,(#30),$);
#1847=IFCSHAPEREPRESENTATION(#15,'Body','SweptSolid',(#1845));
#1848=IFCPRODUCTDEFINITIONSHAPE($,$,(#1847));
#1849=IFCCARTESIANPOINT((0,-2,16.3));
#1850=IFCAXIS2PLACEMENT3D(#1849,$,$);
#1851=IFCLOCALPLACEMENT(#1669,#1850);
#1852=IFCWALL('hKo1QvfLE7QvskFIVdLY7I',#5,'Core L5',$,$,#1851,#1848,$,$);
#1853=IFCCARTESIANPOINT((0.,0.));
#1854=IFCAXIS2PLACEMENT2D(#1853,$);
#1855=IFCRECTANGLEPROFILEDEF(.AREA.,$,#1854,0.3,4);
#1856=IFCCARTESIANPOINT((0.,0.,0.));
#1857=IFCAXIS2PLACEMENT3D(#1856,#12,#13);
#1858=IFCEXTRUDEDAREASOLID(#1855,#1857,#12,3.7);
#1859=IFCSTYLEDITEM(#1858,(#30),$);
#1860=IFCSHAPEREPRESENTATION(#15,'Body','SweptSolid',(#1858));
#1861=IFCPRODUCTDEFINITIONSHAPE($,$,(#1860));
#1862=IFCCARTESIANPOINT((-3,0,16.3));
#1863=IFCAXIS2PLACEMENT3D(#1862,$,$);
#1864=IFCLOCALPLACEMENT(#1669,#1863);
#1865=IFCWALL('iU$42Ppz326s$HMptweSZZ',#5,'Core L5',$,$,#1864,#1861,$,$);
#1866=IFCCARTESIANPOINT((0.,0.));
#1867=IFCAXIS2PLACEMENT2D(#1866,$);
#1868=IFCRECTANGLEPROFILEDEF(.AREA.,$,#1867,30,0.3);
#1869=IFCCARTESIANPOINT((0.,0.,0.));
#1870=IFCAXIS2PLACEMENT3D(#1869,#12,#13);
#1871=IFCEXTRUDEDAREASOLID(#1868,#1870,#12,3.7);
#1872=IFCSTYLEDITEM(#1871,(#18),$);
#1873=IFCSHAPEREPRESENTATION(#15,'Body','SweptSolid',(#1871));
#1874=IFCPRODUCTDEFINITIONSHAPE($,$,(#1873));
#1875=IFCCARTESIANPOINT((0,9.85,16.3));
#1876=IFCAXIS2PLACEMENT3D(#1875,$,$);
#1877=IFCLOCALPLACEMENT(#1669,#1876);
#1878=IFCWALL('InADyvQrefExLcBDft$GD6',#5,'Back L5',$,$,#1877,#1874,$,$);
#1879=IFCCARTESIANPOINT((0.,0.));
#1880=IFCAXIS2PLACEMENT2D(#1879,$);
#1881=IFCRECTANGLEPROFILEDEF(.AREA.,$,#1880,0.3,20);
#1882=IFCCARTESIANPOINT((0.,0.,0.));
#1883=IFCAXIS2PLACEMENT3D(#1882,#12,#13);
#1884=IFCEXTRUDEDAREASOLID(#1881,#1883,#12,3.7);
#1885=IFCSTYLEDITEM(#1884,(#18),$);
#1886=IFCSHAPEREPRESENTATION(#15,'Body','SweptSolid',(#1884));
#1887=IFCPRODUCTDEFINITIONSHAPE($,$,(#1886));
#1888=IFCCARTESIANPOINT((-14.85,0,16.3));
#1889=IFCAXIS2PLACEMENT3D(#1888,$,$);
#1890=IFCLOCALPLACEMENT(#1669,#1889);
#1891=IFCWALL('blDuHvbVIVNEJHvoBaYJig',#5,'Side L5',$,$,#1890,#1887,$,$);
#1892=IFCCARTESIANPOINT((0.,0.));
#1893=IFCAXIS2PLACEMENT2D(#1892,$);
#1894=IFCRECTANGLEPROFILEDEF(.AREA.,$,#1893,0.3,20);
#1895=IFCCARTESIANPOINT((0.,0.,0.));
#1896=IFCAXIS2PLACEMENT3D(#1895,#12,#13);
#1897=IFCEXTRUDEDAREASOLID(#1894,#1896,#12,3.7);
#1898=IFCSTYLEDITEM(#1897,(#18),$);
#1899=IFCSHAPEREPRESENTATION(#15,'Body','SweptSolid',(#1897));
#1900=IFCPRODUCTDEFINITIONSHAPE($,$,(#1899));
#1901=IFCCARTESIANPOINT((14.85,0,16.3));
#1902=IFCAXIS2PLACEMENT3D(#1901,$,$);
#1903=IFCLOCALPLACEMENT(#1669,#1902);
#1904=IFCWALL('v6a22mzvmikLev8tnl4Ddp',#5,'Side L5',$,$,#1903,#1900,$,$);
#1905=IFCCARTESIANPOINT((0.,0.));
#1906=IFCAXIS2PLACEMENT2D(#1905,$);
#1907=IFCRECTANGLEPROFILEDEF(.AREA.,$,#1906,4.683333333333333,0.08);
#1908=IFCCARTESIANPOINT((0.,0.,0.));
#1909=IFCAXIS2PLACEMENT3D(#1908,#12,#13);
#1910=IFCEXTRUDEDAREASOLID(#1907,#1909,#12,3.3000000000000003);
#1911=IFCSTYLEDITEM(#1910,(#24),$);
#1912=IFCSHAPEREPRESENTATION(#15,'Body','SweptSolid',(#1910));
#1913=IFCPRODUCTDEFINITIONSHAPE($,$,(#1912));
#1914=IFCCARTESIANPOINT((-12.083333333333334,-9.9,16.5));
#1915=IFCAXIS2PLACEMENT3D(#1914,$,$);
#1916=IFCLOCALPLACEMENT(#1669,#1915);
#1917=IFCWINDOW('Bw07XqfJ0QZn7I2TRxEXd0',#5,'Glazing L5',$,$,#1916,#1913,$,$,$);
#1918=IFCCARTESIANPOINT((0.,0.));
#1919=IFCAXIS2PLACEMENT2D(#1918,$);
#1920=IFCRECTANGLEPROFILEDEF(.AREA.,$,#1919,0.12,0.15);
#1921=IFCCARTESIANPOINT((0.,0.,0.));
#1922=IFCAXIS2PLACEMENT3D(#1921,#12,#13);
#1923=IFCEXTRUDEDAREASOLID(#1920,#1922,#12,3.7);
#1924=IFCSTYLEDITEM(#1923,(#27),$);
#1925=IFCSHAPEREPRESENTATION(#15,'Body','SweptSolid',(#1923));
#1926=IFCPRODUCTDEFINITIONSHAPE($,$,(#1925));
#1927=IFCCARTESIANPOINT((-14.5,-9.9,16.3));
#1928=IFCAXIS2PLACEMENT3D(#1927,$,$);
#1929=IFCLOCALPLACEMENT(#1669,#1928);
#1930=IFCPLATE('QbElxtioMAw$C8$1LKSnrY',#5,'Mullion L5',$,$,#1929,#1926,$,$);
#1931=IFCCARTESIANPOINT((0.,0.));
#1932=IFCAXIS2PLACEMENT2D(#1931,$);
#1933=IFCRECTANGLEPROFILEDEF(.AREA.,$,#1932,4.683333333333333,0.08);
#1934=IFCCARTESIANPOINT((0.,0.,0.));
#1935=IFCAXIS2PLACEMENT3D(#1934,#12,#13);
#1936=IFCEXTRUDEDAREASOLID(#1933,#1935,#12,3.3000000000000003);
#1937=IFCSTYLEDITEM(#1936,(#24),$);
#1938=IFCSHAPEREPRESENTATION(#15,'Body','SweptSolid',(#1936));
#1939=IFCPRODUCTDEFINITIONSHAPE($,$,(#1938));
#1940=IFCCARTESIANPOINT((-7.25,-9.9,16.5));
#1941=IFCAXIS2PLACEMENT3D(#1940,$,$);
#1942=IFCLOCALPLACEMENT(#1669,#1941);
#1943=IFCWINDOW('PKJJ7Gyi1aOoRptsgFgisZ',#5,'Glazing L5',$,$,#1942,#1939,$,$,$);
#1944=IFCCARTESIANPOINT((0.,0.));
#1945=IFCAXIS2PLACEMENT2D(#1944,$);
#1946=IFCRECTANGLEPROFILEDEF(.AREA.,$,#1945,0.12,0.15);
#1947=IFCCARTESIANPOINT((0.,0.,0.));
#1948=IFCAXIS2PLACEMENT3D(#1947,#12,#13);
#1949=IFCEXTRUDEDAREASOLID(#1946,#1948,#12,3.7);
#1950=IFCSTYLEDITEM(#1949,(#27),$);
#1951=IFCSHAPEREPRESENTATION(#15,'Body','SweptSolid',(#1949));
#1952=IFCPRODUCTDEFINITIONSHAPE($,$,(#1951));
#1953=IFCCARTESIANPOINT((-9.666666666666668,-9.9,16.3));
#1954=IFCAXIS2PLACEMENT3D(#1953,$,$);
#1955=IFCLOCALPLACEMENT(#1669,#1954);
#1956=IFCPLATE('hhNCeqUhM7FgUQxW7hynt_',#5,'Mullion L5',$,$,#1955,#1952,$,$);
#1957=IFCCARTESIANPOINT((0.,0.));
#1958=IFCAXIS2PLACEMENT2D(#1957,$);
#1959=IFCRECTANGLEPROFILEDEF(.AREA.,$,#1958,4.683333333333333,0.08);
#1960=IFCCARTESIANPOINT((0.,0.,0.));
#1961=IFCAXIS2PLACEMENT3D(#1960,#12,#13);
#1962=IFCEXTRUDEDAREASOLID(#1959,#1961,#12,3.3000000000000003);
#1963=IFCSTYLEDITEM(#1962,(#24),$);
#1964=IFCSHAPEREPRESENTATION(#15,'Body','SweptSolid',(#1962));
#1965=IFCPRODUCTDEFINITIONSHAPE($,$,(#1964));
#1966=IFCCARTESIANPOINT((-2.416666666666668,-9.9,16.5));
#1967=IFCAXIS2PLACEMENT3D(#1966,$,$);
#1968=IFCLOCALPLACEMENT(#1669,#1967);
#1969=IFCWINDOW('tNIhWyHs0ivpvnMDQ10_FH',#5,'Glazing L5',$,$,#1968,#1965,$,$,$);
#1970=IFCCARTESIANPOINT((0.,0.));
#1971=IFCAXIS2PLACEMENT2D(#1970,$);
#1972=IFCRECTANGLEPROFILEDEF(.AREA.,$,#1971,0.12,0.15);
#1973=IFCCARTESIANPOINT((0.,0.,0.));
#1974=IFCAXIS2PLACEMENT3D(#1973,#12,#13);
#1975=IFCEXTRUDEDAREASOLID(#1972,#1974,#12,3.7);
#1976=IFCSTYLEDITEM(#1975,(#27),$);
#1977=IFCSHAPEREPRESENTATION(#15,'Body','SweptSolid',(#1975));
#1978=IFCPRODUCTDEFINITIONSHAPE($,$,(#1977));
#1979=IFCCARTESIANPOINT((-4.833333333333334,-9.9,16.3));
#1980=IFCAXIS2PLACEMENT3D(#1979,$,$);
#1981=IFCLOCALPLACEMENT(#1669,#1980);
#1982=IFCPLATE('N3pEVPnwjWNGvxtM$coxtl',#5,'Mullion L5',$,$,#1981,#1978,$,$);
#1983=IFCCARTESIANPOINT((0.,0.));
#1984=IFCAXIS2PLACEMENT2D(#1983,$);
#1985=IFCRECTANGLEPROFILEDEF(.AREA.,$,#1984,4.683333333333333,0.08);
#1986=IFCCARTESIANPOINT((0.,0.,0.));
#1987=IFCAXIS2PLACEMENT3D(#1986,#12,#13);
#1988=IFCEXTRUDEDAREASOLID(#1985,#1987,#12,3.3000000000000003);
#1989=IFCSTYLEDITEM(#1988,(#24),$);
#1990=IFCSHAPEREPRESENTATION(#15,'Body','SweptSolid',(#1988));
#1991=IFCPRODUCTDEFINITIONSHAPE($,$,(#1990));
#1992=IFCCARTESIANPOINT((2.4166666666666643,-9.9,16.5));
#1993=IFCAXIS2PLACEMENT3D(#1992,$,$);
#1994=IFCLOCALPLACEMENT(#1669,#1993);
#1995=IFCWINDOW('8DpdWdrxigvG3xer_qe6Pv',#5,'Glazing L5',$,$,#1994,#1991,$,$,$);
#1996=IFCCARTESIANPOINT((0.,0.));
#1997=IFCAXIS2PLACEMENT2D(#1996,$);
#1998=IFCRECTANGLEPROFILEDEF(.AREA.,$,#1997,0.12,0.15);
#1999=IFCCARTESIANPOINT((0.,0.,0.));
#2000=IFCAXIS2PLACEMENT3D(#1999,#12,#13);
#2001=IFCEXTRUDEDAREASOLID(#1998,#2000,#12,3.7);
#2002=IFCSTYLEDITEM(#2001,(#27),$);
#2003=IFCSHAPEREPRESENTATION(#15,'Body','SweptSolid',(#2001));
#2004=IFCPRODUCTDEFINITIONSHAPE($,$,(#2003));
#2005=IFCCARTESIANPOINT((0,-9.9,16.3));
#2006=IFCAXIS2PLACEMENT3D(#2005,$,$);
#2007=IFCLOCALPLACEMENT(#1669,#2006);
#2008=IFCPLATE('GImOhsyVjTVwBYyNNzh$E7',#5,'Mullion L5',$,$,#2007,#2004,$,$);
#2009=IFCCARTESIANPOINT((0.,0.));
#2010=IFCAXIS2PLACEMENT2D(#2009,$);
#2011=IFCRECTANGLEPROFILEDEF(.AREA.,$,#2010,4.683333333333333,0.08);
#2012=IFCCARTESIANPOINT((0.,0.,0.));
#2013=IFCAXIS2PLACEMENT3D(#2012,#12,#13);
#2014=IFCEXTRUDEDAREASOLID(#2011,#2013,#12,3.3000000000000003);
#2015=IFCSTYLEDITEM(#2014,(#24),$);
#2016=IFCSHAPEREPRESENTATION(#15,'Body','SweptSolid',(#2014));
#2017=IFCPRODUCTDEFINITIONSHAPE($,$,(#2016));
#2018=IFCCARTESIANPOINT((7.25,-9.9,16.5));
#2019=IFCAXIS2PLACEMENT3D(#2018,$,$);
#2020=IFCLOCALPLACEMENT(#1669,#2019);
#2021=IFCWINDOW('cBCMDVkAV_9INj6dbe0Z_f',#5,'Glazing L5',$,$,#2020,#2017,$,$,$);
#2022=IFCCARTESIANPOINT((0.,0.));
#2023=IFCAXIS2PLACEMENT2D(#2022,$);
#2024=IFCRECTANGLEPROFILEDEF(.AREA.,$,#2023,0.12,0.15);
#2025=IFCCARTESIANPOINT((0.,0.,0.));
#2026=IFCAXIS2PLACEMENT3D(#2025,#12,#13);
#2027=IFCEXTRUDEDAREASOLID(#2024,#2026,#12,3.7);
#2028=IFCSTYLEDITEM(#2027,(#27),$);
#2029=IFCSHAPEREPRESENTATION(#15,'Body','SweptSolid',(#2027));
#2030=IFCPRODUCTDEFINITIONSHAPE($,$,(#2029));
#2031=IFCCARTESIANPOINT((4.833333333333332,-9.9,16.3));
#2032=IFCAXIS2PLACEMENT3D(#2031,$,$);
#2033=IFCLOCALPLACEMENT(#1669,#2032);
#2034=IFCPLATE('kTVvx2nCXcrEDtvrA739GE',#5,'Mullion L5',$,$,#2033,#2030,$,$);
#2035=IFCCARTESIANPOINT((0.,0.));
#2036=IFCAXIS2PLACEMENT2D(#2035,$);
#2037=IFCRECTANGLEPROFILEDEF(.AREA.,$,#2036,4.683333333333333,0.08);
#2038=IFCCARTESIANPOINT((0.,0.,0.));
#2039=IFCAXIS2PLACEMENT3D(#2038,#12,#13);
#2040=IFCEXTRUDEDAREASOLID(#2037,#2039,#12,3.3000000000000003);
#2041=IFCSTYLEDITEM(#2040,(#24),$);
#2042=IFCSHAPEREPRESENTATION(#15,'Body','SweptSolid',(#2040));
#2043=IFCPRODUCTDEFINITIONSHAPE($,$,(#2042));
#2044=IFCCARTESIANPOINT((12.083333333333332,-9.9,16.5));
#2045=IFCAXIS2PLACEMENT3D(#2044,$,$);
#2046=IFCLOCALPLACEMENT(#1669,#2045);
#2047=IFCWINDOW('zJF5wT7t0gIkKnaMmxGSN9',#5,'Glazing L5',$,$,#2046,#2043,$,$,$);
#2048=IFCCARTESIANPOINT((0.,0.));
#2049=IFCAXIS2PLACEMENT2D(#2048,$);
#2050=IFCRECTANGLEPROFILEDEF(.AREA.,$,#2049,0.12,0.15);
#2051=IFCCARTESIANPOINT((0.,0.,0.));
#2052=IFCAXIS2PLACEMENT3D(#2051,#12,#13);
#2053=IFCEXTRUDEDAREASOLID(#2050,#2052,#12,3.7);
#2054=IFCSTYLEDITEM(#2053,(#27),$);
#2055=IFCSHAPEREPRESENTATION(#15,'Body','SweptSolid',(#2053));
#2056=IFCPRODUCTDEFINITIONSHAPE($,$,(#2055));
#2057=IFCCARTESIANPOINT((9.666666666666664,-9.9,16.3));
#2058=IFCAXIS2PLACEMENT3D(#2057,$,$);
#2059=IFCLOCALPLACEMENT(#1669,#2058);
#2060=IFCPLATE('AWhhzx6sFaZGaVLgNi_SX3',#5,'Mullion L5',$,$,#2059,#2056,$,$);
#2061=IFCCARTESIANPOINT((0.,0.));
#2062=IFCAXIS2PLACEMENT2D(#2061,$);
#2063=IFCRECTANGLEPROFILEDEF(.AREA.,$,#2062,29,0.15);
#2064=IFCCARTESIANPOINT((0.,0.,0.));
#2065=IFCAXIS2PLACEMENT3D(#2064,#12,#13);
#2066=IFCEXTRUDEDAREASOLID(#2063,#2065,#12,0.4);
#2067=IFCSTYLEDITEM(#2066,(#18),$);
#2068=IFCSHAPEREPRESENTATION(#15,'Body','SweptSolid',(#2066));
#2069=IFCPRODUCTDEFINITIONSHAPE($,$,(#2068));
#2070=IFCCARTESIANPOINT((0,-9.9,16.3));
#2071=IFCAXIS2PLACEMENT3D(#2070,$,$);
#2072=IFCLOCALPLACEMENT(#1669,#2071);
#2073=IFCPLATE('EuJERLUymTFLAvNMzPV53Y',#5,'Spandrel L5',$,$,#2072,#2069,$,$);
#2074=IFCCARTESIANPOINT((0,0,20));
#2075=IFCAXIS2PLACEMENT3D(#2074,$,$);
#2076=IFCLOCALPLACEMENT(#37,#2075);
#2077=IFCBUILDINGSTOREY('OWCZrnOLPDNPYb9BWPNOvc',#5,'Floor 6',$,$,#2076,$,$,.ELEMENT.,20);
#2078=IFCCARTESIANPOINT((0.,0.));
#2079=IFCAXIS2PLACEMENT2D(#2078,$);
#2080=IFCRECTANGLEPROFILEDEF(.AREA.,$,#2079,30,20);
#2081=IFCCARTESIANPOINT((0.,0.,0.));
#2082=IFCAXIS2PLACEMENT3D(#2081,#12,#13);
#2083=IFCEXTRUDEDAREASOLID(#2080,#2082,#12,0.3);
#2084=IFCSTYLEDITEM(#2083,(#18),$);
#2085=IFCSHAPEREPRESENTATION(#15,'Body','SweptSolid',(#2083));
#2086=IFCPRODUCTDEFINITIONSHAPE($,$,(#2085));
#2087=IFCCARTESIANPOINT((0,0,20));
#2088=IFCAXIS2PLACEMENT3D(#2087,$,$);
#2089=IFCLOCALPLACEMENT(#2076,#2088);
#2090=IFCSLAB('kbABe_J0QJrotE_H5BWx1Z',#5,'Slab L6',$,$,#2089,#2086,$,.FLOOR.);
#2091=IFCCARTESIANPOINT((0.,0.));
#2092=IFCAXIS2PLACEMENT2D(#2091,$);
#2093=IFCRECTANGLEPROFILEDEF(.AREA.,$,#2092,0.6,0.6);
#2094=IFCCARTESIANPOINT((0.,0.,0.));
#2095=IFCAXIS2PLACEMENT3D(#2094,#12,#13);
#2096=IFCEXTRUDEDAREASOLID(#2093,#2095,#12,3.7);
#2097=IFCSTYLEDITEM(#2096,(#21),$);
#2098=IFCSHAPEREPRESENTATION(#15,'Body','SweptSolid',(#2096));
#2099=IFCPRODUCTDEFINITIONSHAPE($,$,(#2098));
#2100=IFCCARTESIANPOINT((-14,-9,20.3));
#2101=IFCAXIS2PLACEMENT3D(#2100,$,$);
#2102=IFCLOCALPLACEMENT(#2076,#2101);
#2103=IFCCOLUMN('Xd3SUkFdMIBM7fxAdKJtjg',#5,'Col L6',$,$,#2102,#2099,$,$);
#2104=IFCCARTESIANPOINT((0.,0.));
#2105=IFCAXIS2PLACEMENT2D(#2104,$);
#2106=IFCRECTANGLEPROFILEDEF(.AREA.,$,#2105,0.6,0.6);
#2107=IFCCARTESIANPOINT((0.,0.,0.));
#2108=IFCAXIS2PLACEMENT3D(#2107,#12,#13);
#2109=IFCEXTRUDEDAREASOLID(#2106,#2108,#12,3.7);
#2110=IFCSTYLEDITEM(#2109,(#21),$);
#2111=IFCSHAPEREPRESENTATION(#15,'Body','SweptSolid',(#2109));
#2112=IFCPRODUCTDEFINITIONSHAPE($,$,(#2111));
#2113=IFCCARTESIANPOINT((-14,0,20.3));
#2114=IFCAXIS2PLACEMENT3D(#2113,$,$);
#2115=IFCLOCALPLACEMENT(#2076,#2114);
#2116=IFCCOLUMN('B6UEDJXC_EFRBvkyi2BmzY',#5,'Col L6',$,$,#2115,#2112,$,$);
#2117=IFCCARTESIANPOINT((0.,0.));
#2118=IFCAXIS2PLACEMENT2D(#2117,$);
#2119=IFCRECTANGLEPROFILEDEF(.AREA.,$,#2118,0.6,0.6);
#2120=IFCCARTESIANPOINT((0.,0.,0.));
#2121=IFCAXIS2PLACEMENT3D(#2120,#12,#13);
#2122=IFCEXTRUDEDAREASOLID(#2119,#2121,#12,3.7);
#2123=IFCSTYLEDITEM(#2122,(#21),$);
#2124=IFCSHAPEREPRESENTATION(#15,'Body','SweptSolid',(#2122));
#2125=IFCPRODUCTDEFINITIONSHAPE($,$,(#2124));
#2126=IFCCARTESIANPOINT((-14,9,20.3));
#2127=IFCAXIS2PLACEMENT3D(#2126,$,$);
#2128=IFCLOCALPLACEMENT(#2076,#2127);
#2129=IFCCOLUMN('Uelbm5BaG7G7ZbIXeuK1pV',#5,'Col L6',$,$,#2128,#2125,$,$);
#2130=IFCCARTESIANPOINT((0.,0.));
#2131=IFCAXIS2PLACEMENT2D(#2130,$);
#2132=IFCRECTANGLEPROFILEDEF(.AREA.,$,#2131,0.6,0.6);
#2133=IFCCARTESIANPOINT((0.,0.,0.));
#2134=IFCAXIS2PLACEMENT3D(#2133,#12,#13);
#2135=IFCEXTRUDEDAREASOLID(#2132,#2134,#12,3.7);
#2136=IFCSTYLEDITEM(#2135,(#21),$);
#2137=IFCSHAPEREPRESENTATION(#15,'Body','SweptSolid',(#2135));
#2138=IFCPRODUCTDEFINITIONSHAPE($,$,(#2137));
#2139=IFCCARTESIANPOINT((-5,-9,20.3));
#2140=IFCAXIS2PLACEMENT3D(#2139,$,$);
#2141=IFCLOCALPLACEMENT(#2076,#2140);
#2142=IFCCOLUMN('dOV6dRNbuVDP1bU4u1GCLk',#5,'Col L6',$,$,#2141,#2138,$,$);
#2143=IFCCARTESIANPOINT((0.,0.));
#2144=IFCAXIS2PLACEMENT2D(#2143,$);
#2145=IFCRECTANGLEPROFILEDEF(.AREA.,$,#2144,0.6,0.6);
#2146=IFCCARTESIANPOINT((0.,0.,0.));
#2147=IFCAXIS2PLACEMENT3D(#2146,#12,#13);
#2148=IFCEXTRUDEDAREASOLID(#2145,#2147,#12,3.7);
#2149=IFCSTYLEDITEM(#2148,(#21),$);
#2150=IFCSHAPEREPRESENTATION(#15,'Body','SweptSolid',(#2148));
#2151=IFCPRODUCTDEFINITIONSHAPE($,$,(#2150));
#2152=IFCCARTESIANPOINT((-5,0,20.3));
#2153=IFCAXIS2PLACEMENT3D(#2152,$,$);
#2154=IFCLOCALPLACEMENT(#2076,#2153);
#2155=IFCCOLUMN('DgRcKX2urFnOjctSS4crA1',#5,'Col L6',$,$,#2154,#2151,$,$);
#2156=IFCCARTESIANPOINT((0.,0.));
#2157=IFCAXIS2PLACEMENT2D(#2156,$);
#2158=IFCRECTANGLEPROFILEDEF(.AREA.,$,#2157,0.6,0.6);
#2159=IFCCARTESIANPOINT((0.,0.,0.));
#2160=IFCAXIS2PLACEMENT3D(#2159,#12,#13);
#2161=IFCEXTRUDEDAREASOLID(#2158,#2160,#12,3.7);
#2162=IFCSTYLEDITEM(#2161,(#21),$);
#2163=IFCSHAPEREPRESENTATION(#15,'Body','SweptSolid',(#2161));
#2164=IFCPRODUCTDEFINITIONSHAPE($,$,(#2163));
#2165=IFCCARTESIANPOINT((-5,9,20.3));
#2166=IFCAXIS2PLACEMENT3D(#2165,$,$);
#2167=IFCLOCALPLACEMENT(#2076,#2166);
#2168=IFCCOLUMN('PjCIi450VoV_NNzxdtRBXX',#5,'Col L6',$,$,#2167,#2164,$,$);
#2169=IFCCARTESIANPOINT((0.,0.));
#2170=IFCAXIS2PLACEMENT2D(#2169,$);
#2171=IFCRECTANGLEPROFILEDEF(.AREA.,$,#2170,0.6,0.6);
#2172=IFCCARTESIANPOINT((0.,0.,0.));
#2173=IFCAXIS2PLACEMENT3D(#2172,#12,#13);
#2174=IFCEXTRUDEDAREASOLID(#2171,#2173,#12,3.7);
#2175=IFCSTYLEDITEM(#2174,(#21),$);
#2176=IFCSHAPEREPRESENTATION(#15,'Body','SweptSolid',(#2174));
#2177=IFCPRODUCTDEFINITIONSHAPE($,$,(#2176));
#2178=IFCCARTESIANPOINT((5,-9,20.3));
#2179=IFCAXIS2PLACEMENT3D(#2178,$,$);
#2180=IFCLOCALPLACEMENT(#2076,#2179);
#2181=IFCCOLUMN('DCUc9f6JrUVdtpIiGJIQB5',#5,'Col L6',$,$,#2180,#2177,$,$);
#2182=IFCCARTESIANPOINT((0.,0.));
#2183=IFCAXIS2PLACEMENT2D(#2182,$);
#2184=IFCRECTANGLEPROFILEDEF(.AREA.,$,#2183,0.6,0.6);
#2185=IFCCARTESIANPOINT((0.,0.,0.));
#2186=IFCAXIS2PLACEMENT3D(#2185,#12,#13);
#2187=IFCEXTRUDEDAREASOLID(#2184,#2186,#12,3.7);
#2188=IFCSTYLEDITEM(#2187,(#21),$);
#2189=IFCSHAPEREPRESENTATION(#15,'Body','SweptSolid',(#2187));
#2190=IFCPRODUCTDEFINITIONSHAPE($,$,(#2189));
#2191=IFCCARTESIANPOINT((5,0,20.3));
#2192=IFCAXIS2PLACEMENT3D(#2191,$,$);
#2193=IFCLOCALPLACEMENT(#2076,#2192);
#2194=IFCCOLUMN('9csA45mYeLXP9khkJ2ZojW',#5,'Col L6',$,$,#2193,#2190,$,$);
#2195=IFCCARTESIANPOINT((0.,0.));
#2196=IFCAXIS2PLACEMENT2D(#2195,$);
#2197=IFCRECTANGLEPROFILEDEF(.AREA.,$,#2196,0.6,0.6);
#2198=IFCCARTESIANPOINT((0.,0.,0.));
#2199=IFCAXIS2PLACEMENT3D(#2198,#12,#13);
#2200=IFCEXTRUDEDAREASOLID(#2197,#2199,#12,3.7);
#2201=IFCSTYLEDITEM(#2200,(#21),$);
#2202=IFCSHAPEREPRESENTATION(#15,'Body','SweptSolid',(#2200));
#2203=IFCPRODUCTDEFINITIONSHAPE($,$,(#2202));
#2204=IFCCARTESIANPOINT((5,9,20.3));
#2205=IFCAXIS2PLACEMENT3D(#2204,$,$);
#2206=IFCLOCALPLACEMENT(#2076,#2205);
#2207=IFCCOLUMN('obYUehgMV0cCLVmDUYHf14',#5,'Col L6',$,$,#2206,#2203,$,$);
#2208=IFCCARTESIANPOINT((0.,0.));
#2209=IFCAXIS2PLACEMENT2D(#2208,$);
#2210=IFCRECTANGLEPROFILEDEF(.AREA.,$,#2209,0.6,0.6);
#2211=IFCCARTESIANPOINT((0.,0.,0.));
#2212=IFCAXIS2PLACEMENT3D(#2211,#12,#13);
#2213=IFCEXTRUDEDAREASOLID(#2210,#2212,#12,3.7);
#2214=IFCSTYLEDITEM(#2213,(#21),$);
#2215=IFCSHAPEREPRESENTATION(#15,'Body','SweptSolid',(#2213));
#2216=IFCPRODUCTDEFINITIONSHAPE($,$,(#2215));
#2217=IFCCARTESIANPOINT((14,-9,20.3));
#2218=IFCAXIS2PLACEMENT3D(#2217,$,$);
#2219=IFCLOCALPLACEMENT(#2076,#2218);
#2220=IFCCOLUMN('3fIHQeOHEwbE0XSBNsbkrx',#5,'Col L6',$,$,#2219,#2216,$,$);
#2221=IFCCARTESIANPOINT((0.,0.));
#2222=IFCAXIS2PLACEMENT2D(#2221,$);
#2223=IFCRECTANGLEPROFILEDEF(.AREA.,$,#2222,0.6,0.6);
#2224=IFCCARTESIANPOINT((0.,0.,0.));
#2225=IFCAXIS2PLACEMENT3D(#2224,#12,#13);
#2226=IFCEXTRUDEDAREASOLID(#2223,#2225,#12,3.7);
#2227=IFCSTYLEDITEM(#2226,(#21),$);
#2228=IFCSHAPEREPRESENTATION(#15,'Body','SweptSolid',(#2226));
#2229=IFCPRODUCTDEFINITIONSHAPE($,$,(#2228));
#2230=IFCCARTESIANPOINT((14,0,20.3));
#2231=IFCAXIS2PLACEMENT3D(#2230,$,$);
#2232=IFCLOCALPLACEMENT(#2076,#2231);
#2233=IFCCOLUMN('mCx45CrGCI6w9iBthW79ON',#5,'Col L6',$,$,#2232,#2229,$,$);
#2234=IFCCARTESIANPOINT((0.,0.));
#2235=IFCAXIS2PLACEMENT2D(#2234,$);
#2236=IFCRECTANGLEPROFILEDEF(.AREA.,$,#2235,0.6,0.6);
#2237=IFCCARTESIANPOINT((0.,0.,0.));
#2238=IFCAXIS2PLACEMENT3D(#2237,#12,#13);
#2239=IFCEXTRUDEDAREASOLID(#2236,#2238,#12,3.7);
#2240=IFCSTYLEDITEM(#2239,(#21),$);
#2241=IFCSHAPEREPRESENTATION(#15,'Body','SweptSolid',(#2239));
#2242=IFCPRODUCTDEFINITIONSHAPE($,$,(#2241));
#2243=IFCCARTESIANPOINT((14,9,20.3));
#2244=IFCAXIS2PLACEMENT3D(#2243,$,$);
#2245=IFCLOCALPLACEMENT(#2076,#2244);
#2246=IFCCOLUMN('stSfx79baTyefTz8Lo$b1Q',#5,'Col L6',$,$,#2245,#2242,$,$);
#2247=IFCCARTESIANPOINT((0.,0.));
#2248=IFCAXIS2PLACEMENT2D(#2247,$);
#2249=IFCRECTANGLEPROFILEDEF(.AREA.,$,#2248,6,0.3);
#2250=IFCCARTESIANPOINT((0.,0.,0.));
#2251=IFCAXIS2PLACEMENT3D(#2250,#12,#13);
#2252=IFCEXTRUDEDAREASOLID(#2249,#2251,#12,3.7);
#2253=IFCSTYLEDITEM(#2252,(#30),$);
#2254=IFCSHAPEREPRESENTATION(#15,'Body','SweptSolid',(#2252));
#2255=IFCPRODUCTDEFINITIONSHAPE($,$,(#2254));
#2256=IFCCARTESIANPOINT((0,-2,20.3));
#2257=IFCAXIS2PLACEMENT3D(#2256,$,$);
#2258=IFCLOCALPLACEMENT(#2076,#2257);
#2259=IFCWALL('Jsg$FeZTPLUybPX8$dbH8g',#5,'Core L6',$,$,#2258,#2255,$,$);
#2260=IFCCARTESIANPOINT((0.,0.));
#2261=IFCAXIS2PLACEMENT2D(#2260,$);
#2262=IFCRECTANGLEPROFILEDEF(.AREA.,$,#2261,0.3,4);
#2263=IFCCARTESIANPOINT((0.,0.,0.));
#2264=IFCAXIS2PLACEMENT3D(#2263,#12,#13);
#2265=IFCEXTRUDEDAREASOLID(#2262,#2264,#12,3.7);
#2266=IFCSTYLEDITEM(#2265,(#30),$);
#2267=IFCSHAPEREPRESENTATION(#15,'Body','SweptSolid',(#2265));
#2268=IFCPRODUCTDEFINITIONSHAPE($,$,(#2267));
#2269=IFCCARTESIANPOINT((-3,0,20.3));
#2270=IFCAXIS2PLACEMENT3D(#2269,$,$);
#2271=IFCLOCALPLACEMENT(#2076,#2270);
#2272=IFCWALL('Z$Z2cYlVaVdJUfDqqrauBi',#5,'Core L6',$,$,#2271,#2268,$,$);
#2273=IFCCARTESIANPOINT((0.,0.));
#2274=IFCAXIS2PLACEMENT2D(#2273,$);
#2275=IFCRECTANGLEPROFILEDEF(.AREA.,$,#2274,30,0.3);
#2276=IFCCARTESIANPOINT((0.,0.,0.));
#2277=IFCAXIS2PLACEMENT3D(#2276,#12,#13);
#2278=IFCEXTRUDEDAREASOLID(#2275,#2277,#12,3.7);
#2279=IFCSTYLEDITEM(#2278,(#18),$);
#2280=IFCSHAPEREPRESENTATION(#15,'Body','SweptSolid',(#2278));
#2281=IFCPRODUCTDEFINITIONSHAPE($,$,(#2280));
#2282=IFCCARTESIANPOINT((0,9.85,20.3));
#2283=IFCAXIS2PLACEMENT3D(#2282,$,$);
#2284=IFCLOCALPLACEMENT(#2076,#2283);
#2285=IFCWALL('qBL57wg$q_MjPa2LHgIUHz',#5,'Back L6',$,$,#2284,#2281,$,$);
#2286=IFCCARTESIANPOINT((0.,0.));
#2287=IFCAXIS2PLACEMENT2D(#2286,$);
#2288=IFCRECTANGLEPROFILEDEF(.AREA.,$,#2287,0.3,20);
#2289=IFCCARTESIANPOINT((0.,0.,0.));
#2290=IFCAXIS2PLACEMENT3D(#2289,#12,#13);
#2291=IFCEXTRUDEDAREASOLID(#2288,#2290,#12,3.7);
#2292=IFCSTYLEDITEM(#2291,(#18),$);
#2293=IFCSHAPEREPRESENTATION(#15,'Body','SweptSolid',(#2291));
#2294=IFCPRODUCTDEFINITIONSHAPE($,$,(#2293));
#2295=IFCCARTESIANPOINT((-14.85,0,20.3));
#2296=IFCAXIS2PLACEMENT3D(#2295,$,$);
#2297=IFCLOCALPLACEMENT(#2076,#2296);
#2298=IFCWALL('4fgI83Kxy8R_bXDW72jhVB',#5,'Side L6',$,$,#2297,#2294,$,$);
#2299=IFCCARTESIANPOINT((0.,0.));
#2300=IFCAXIS2PLACEMENT2D(#2299,$);
#2301=IFCRECTANGLEPROFILEDEF(.AREA.,$,#2300,0.3,20);
#2302=IFCCARTESIANPOINT((0.,0.,0.));
#2303=IFCAXIS2PLACEMENT3D(#2302,#12,#13);
#2304=IFCEXTRUDEDAREASOLID(#2301,#2303,#12,3.7);
#2305=IFCSTYLEDITEM(#2304,(#18),$);
#2306=IFCSHAPEREPRESENTATION(#15,'Body','SweptSolid',(#2304));
#2307=IFCPRODUCTDEFINITIONSHAPE($,$,(#2306));
#2308=IFCCARTESIANPOINT((14.85,0,20.3));
#2309=IFCAXIS2PLACEMENT3D(#2308,$,$);
#2310=IFCLOCALPLACEMENT(#2076,#2309);
#2311=IFCWALL('BB8A3fqbGwrzyysDXvsTfn',#5,'Side L6',$,$,#2310,#2307,$,$);
#2312=IFCCARTESIANPOINT((0.,0.));
#2313=IFCAXIS2PLACEMENT2D(#2312,$);
#2314=IFCRECTANGLEPROFILEDEF(.AREA.,$,#2313,4.683333333333333,0.08);
#2315=IFCCARTESIANPOINT((0.,0.,0.));
#2316=IFCAXIS2PLACEMENT3D(#2315,#12,#13);
#2317=IFCEXTRUDEDAREASOLID(#2314,#2316,#12,3.3000000000000003);
#2318=IFCSTYLEDITEM(#2317,(#24),$);
#2319=IFCSHAPEREPRESENTATION(#15,'Body','SweptSolid',(#2317));
#2320=IFCPRODUCTDEFINITIONSHAPE($,$,(#2319));
#2321=IFCCARTESIANPOINT((-12.083333333333334,-9.9,20.5));
#2322=IFCAXIS2PLACEMENT3D(#2321,$,$);
#2323=IFCLOCALPLACEMENT(#2076,#2322);
#2324=IFCWINDOW('__i17JOVWXS5rsLMk79xrX',#5,'Glazing L6',$,$,#2323,#2320,$,$,$);
#2325=IFCCARTESIANPOINT((0.,0.));
#2326=IFCAXIS2PLACEMENT2D(#2325,$);
#2327=IFCRECTANGLEPROFILEDEF(.AREA.,$,#2326,0.12,0.15);
#2328=IFCCARTESIANPOINT((0.,0.,0.));
#2329=IFCAXIS2PLACEMENT3D(#2328,#12,#13);
#2330=IFCEXTRUDEDAREASOLID(#2327,#2329,#12,3.7);
#2331=IFCSTYLEDITEM(#2330,(#27),$);
#2332=IFCSHAPEREPRESENTATION(#15,'Body','SweptSolid',(#2330));
#2333=IFCPRODUCTDEFINITIONSHAPE($,$,(#2332));
#2334=IFCCARTESIANPOINT((-14.5,-9.9,20.3));
#2335=IFCAXIS2PLACEMENT3D(#2334,$,$);
#2336=IFCLOCALPLACEMENT(#2076,#2335);
#2337=IFCPLATE('PEjT_hbmyqu__oCZdCdhHR',#5,'Mullion L6',$,$,#2336,#2333,$,$);
#2338=IFCCARTESIANPOINT((0.,0.));
#2339=IFCAXIS2PLACEMENT2D(#2338,$);
#2340=IFCRECTANGLEPROFILEDEF(.AREA.,$,#2339,4.683333333333333,0.08);
#2341=IFCCARTESIANPOINT((0.,0.,0.));
#2342=IFCAXIS2PLACEMENT3D(#2341,#12,#13);
#2343=IFCEXTRUDEDAREASOLID(#2340,#2342,#12,3.3000000000000003);
#2344=IFCSTYLEDITEM(#2343,(#24),$);
#2345=IFCSHAPEREPRESENTATION(#15,'Body','SweptSolid',(#2343));
#2346=IFCPRODUCTDEFINITIONSHAPE($,$,(#2345));
#2347=IFCCARTESIANPOINT((-7.25,-9.9,20.5));
#2348=IFCAXIS2PLACEMENT3D(#2347,$,$);
#2349=IFCLOCALPLACEMENT(#2076,#2348);
#2350=IFCWINDOW('cv_UoPiYBnLwxXkiAOJYgp',#5,'Glazing L6',$,$,#2349,#2346,$,$,$);
#2351=IFCCARTESIANPOINT((0.,0.));
#2352=IFCAXIS2PLACEMENT2D(#2351,$);
#2353=IFCRECTANGLEPROFILEDEF(.AREA.,$,#2352,0.12,0.15);
#2354=IFCCARTESIANPOINT((0.,0.,0.));
#2355=IFCAXIS2PLACEMENT3D(#2354,#12,#13);
#2356=IFCEXTRUDEDAREASOLID(#2353,#2355,#12,3.7);
#2357=IFCSTYLEDITEM(#2356,(#27),$);
#2358=IFCSHAPEREPRESENTATION(#15,'Body','SweptSolid',(#2356));
#2359=IFCPRODUCTDEFINITIONSHAPE($,$,(#2358));
#2360=IFCCARTESIANPOINT((-9.666666666666668,-9.9,20.3));
#2361=IFCAXIS2PLACEMENT3D(#2360,$,$);
#2362=IFCLOCALPLACEMENT(#2076,#2361);
#2363=IFCPLATE('ylc3yFGpajP4HkolKo2qyT',#5,'Mullion L6',$,$,#2362,#2359,$,$);
#2364=IFCCARTESIANPOINT((0.,0.));
#2365=IFCAXIS2PLACEMENT2D(#2364,$);
#2366=IFCRECTANGLEPROFILEDEF(.AREA.,$,#2365,4.683333333333333,0.08);
#2367=IFCCARTESIANPOINT((0.,0.,0.));
#2368=IFCAXIS2PLACEMENT3D(#2367,#12,#13);
#2369=IFCEXTRUDEDAREASOLID(#2366,#2368,#12,3.3000000000000003);
#2370=IFCSTYLEDITEM(#2369,(#24),$);
#2371=IFCSHAPEREPRESENTATION(#15,'Body','SweptSolid',(#2369));
#2372=IFCPRODUCTDEFINITIONSHAPE($,$,(#2371));
#2373=IFCCARTESIANPOINT((-2.416666666666668,-9.9,20.5));
#2374=IFCAXIS2PLACEMENT3D(#2373,$,$);
#2375=IFCLOCALPLACEMENT(#2076,#2374);
#2376=IFCWINDOW('LQ0scbMGtRYLgNMuPX97ci',#5,'Glazing L6',$,$,#2375,#2372,$,$,$);
#2377=IFCCARTESIANPOINT((0.,0.));
#2378=IFCAXIS2PLACEMENT2D(#2377,$);
#2379=IFCRECTANGLEPROFILEDEF(.AREA.,$,#2378,0.12,0.15);
#2380=IFCCARTESIANPOINT((0.,0.,0.));
#2381=IFCAXIS2PLACEMENT3D(#2380,#12,#13);
#2382=IFCEXTRUDEDAREASOLID(#2379,#2381,#12,3.7);
#2383=IFCSTYLEDITEM(#2382,(#27),$);
#2384=IFCSHAPEREPRESENTATION(#15,'Body','SweptSolid',(#2382));
#2385=IFCPRODUCTDEFINITIONSHAPE($,$,(#2384));
#2386=IFCCARTESIANPOINT((-4.833333333333334,-9.9,20.3));
#2387=IFCAXIS2PLACEMENT3D(#2386,$,$);
#2388=IFCLOCALPLACEMENT(#2076,#2387);
#2389=IFCPLATE('EaTNYLicVpdGNHkJ06fenI',#5,'Mullion L6',$,$,#2388,#2385,$,$);
#2390=IFCCARTESIANPOINT((0.,0.));
#2391=IFCAXIS2PLACEMENT2D(#2390,$);
#2392=IFCRECTANGLEPROFILEDEF(.AREA.,$,#2391,4.683333333333333,0.08);
#2393=IFCCARTESIANPOINT((0.,0.,0.));
#2394=IFCAXIS2PLACEMENT3D(#2393,#12,#13);
#2395=IFCEXTRUDEDAREASOLID(#2392,#2394,#12,3.3000000000000003);
#2396=IFCSTYLEDITEM(#2395,(#24),$);
#2397=IFCSHAPEREPRESENTATION(#15,'Body','SweptSolid',(#2395));
#2398=IFCPRODUCTDEFINITIONSHAPE($,$,(#2397));
#2399=IFCCARTESIANPOINT((2.4166666666666643,-9.9,20.5));
#2400=IFCAXIS2PLACEMENT3D(#2399,$,$);
#2401=IFCLOCALPLACEMENT(#2076,#2400);
#2402=IFCWINDOW('wbm4IAiovPcJIWGoI$LNAf',#5,'Glazing L6',$,$,#2401,#2398,$,$,$);
#2403=IFCCARTESIANPOINT((0.,0.));
#2404=IFCAXIS2PLACEMENT2D(#2403,$);
#2405=IFCRECTANGLEPROFILEDEF(.AREA.,$,#2404,0.12,0.15);
#2406=IFCCARTESIANPOINT((0.,0.,0.));
#2407=IFCAXIS2PLACEMENT3D(#2406,#12,#13);
#2408=IFCEXTRUDEDAREASOLID(#2405,#2407,#12,3.7);
#2409=IFCSTYLEDITEM(#2408,(#27),$);
#2410=IFCSHAPEREPRESENTATION(#15,'Body','SweptSolid',(#2408));
#2411=IFCPRODUCTDEFINITIONSHAPE($,$,(#2410));
#2412=IFCCARTESIANPOINT((0,-9.9,20.3));
#2413=IFCAXIS2PLACEMENT3D(#2412,$,$);
#2414=IFCLOCALPLACEMENT(#2076,#2413);
#2415=IFCPLATE('MBqTIm2FcqQmgxDItH3KWp',#5,'Mullion L6',$,$,#2414,#2411,$,$);
#2416=IFCCARTESIANPOINT((0.,0.));
#2417=IFCAXIS2PLACEMENT2D(#2416,$);
#2418=IFCRECTANGLEPROFILEDEF(.AREA.,$,#2417,4.683333333333333,0.08);
#2419=IFCCARTESIANPOINT((0.,0.,0.));
#2420=IFCAXIS2PLACEMENT3D(#2419,#12,#13);
#2421=IFCEXTRUDEDAREASOLID(#2418,#2420,#12,3.3000000000000003);
#2422=IFCSTYLEDITEM(#2421,(#24),$);
#2423=IFCSHAPEREPRESENTATION(#15,'Body','SweptSolid',(#2421));
#2424=IFCPRODUCTDEFINITIONSHAPE($,$,(#2423));
#2425=IFCCARTESIANPOINT((7.25,-9.9,20.5));
#2426=IFCAXIS2PLACEMENT3D(#2425,$,$);
#2427=IFCLOCALPLACEMENT(#2076,#2426);
#2428=IFCWINDOW('wdj2qEwM6ezZIrUU1GSSdy',#5,'Glazing L6',$,$,#2427,#2424,$,$,$);
#2429=IFCCARTESIANPOINT((0.,0.));
#2430=IFCAXIS2PLACEMENT2D(#2429,$);
#2431=IFCRECTANGLEPROFILEDEF(.AREA.,$,#2430,0.12,0.15);
#2432=IFCCARTESIANPOINT((0.,0.,0.));
#2433=IFCAXIS2PLACEMENT3D(#2432,#12,#13);
#2434=IFCEXTRUDEDAREASOLID(#2431,#2433,#12,3.7);
#2435=IFCSTYLEDITEM(#2434,(#27),$);
#2436=IFCSHAPEREPRESENTATION(#15,'Body','SweptSolid',(#2434));
#2437=IFCPRODUCTDEFINITIONSHAPE($,$,(#2436));
#2438=IFCCARTESIANPOINT((4.833333333333332,-9.9,20.3));
#2439=IFCAXIS2PLACEMENT3D(#2438,$,$);
#2440=IFCLOCALPLACEMENT(#2076,#2439);
#2441=IFCPLATE('aFNwfAKSCo_nt8032uBh9J',#5,'Mullion L6',$,$,#2440,#2437,$,$);
#2442=IFCCARTESIANPOINT((0.,0.));
#2443=IFCAXIS2PLACEMENT2D(#2442,$);
#2444=IFCRECTANGLEPROFILEDEF(.AREA.,$,#2443,4.683333333333333,0.08);
#2445=IFCCARTESIANPOINT((0.,0.,0.));
#2446=IFCAXIS2PLACEMENT3D(#2445,#12,#13);
#2447=IFCEXTRUDEDAREASOLID(#2444,#2446,#12,3.3000000000000003);
#2448=IFCSTYLEDITEM(#2447,(#24),$);
#2449=IFCSHAPEREPRESENTATION(#15,'Body','SweptSolid',(#2447));
#2450=IFCPRODUCTDEFINITIONSHAPE($,$,(#2449));
#2451=IFCCARTESIANPOINT((12.083333333333332,-9.9,20.5));
#2452=IFCAXIS2PLACEMENT3D(#2451,$,$);
#2453=IFCLOCALPLACEMENT(#2076,#2452);
#2454=IFCWINDOW('i9BZcFNBIXTPVlX1r8Ap$z',#5,'Glazing L6',$,$,#2453,#2450,$,$,$);
#2455=IFCCARTESIANPOINT((0.,0.));
#2456=IFCAXIS2PLACEMENT2D(#2455,$);
#2457=IFCRECTANGLEPROFILEDEF(.AREA.,$,#2456,0.12,0.15);
#2458=IFCCARTESIANPOINT((0.,0.,0.));
#2459=IFCAXIS2PLACEMENT3D(#2458,#12,#13);
#2460=IFCEXTRUDEDAREASOLID(#2457,#2459,#12,3.7);
#2461=IFCSTYLEDITEM(#2460,(#27),$);
#2462=IFCSHAPEREPRESENTATION(#15,'Body','SweptSolid',(#2460));
#2463=IFCPRODUCTDEFINITIONSHAPE($,$,(#2462));
#2464=IFCCARTESIANPOINT((9.666666666666664,-9.9,20.3));
#2465=IFCAXIS2PLACEMENT3D(#2464,$,$);
#2466=IFCLOCALPLACEMENT(#2076,#2465);
#2467=IFCPLATE('IZYi_WREFb6Ty4YGsr9gBo',#5,'Mullion L6',$,$,#2466,#2463,$,$);
#2468=IFCCARTESIANPOINT((0.,0.));
#2469=IFCAXIS2PLACEMENT2D(#2468,$);
#2470=IFCRECTANGLEPROFILEDEF(.AREA.,$,#2469,29,0.15);
#2471=IFCCARTESIANPOINT((0.,0.,0.));
#2472=IFCAXIS2PLACEMENT3D(#2471,#12,#13);
#2473=IFCEXTRUDEDAREASOLID(#2470,#2472,#12,0.4);
#2474=IFCSTYLEDITEM(#2473,(#18),$);
#2475=IFCSHAPEREPRESENTATION(#15,'Body','SweptSolid',(#2473));
#2476=IFCPRODUCTDEFINITIONSHAPE($,$,(#2475));
#2477=IFCCARTESIANPOINT((0,-9.9,20.3));
#2478=IFCAXIS2PLACEMENT3D(#2477,$,$);
#2479=IFCLOCALPLACEMENT(#2076,#2478);
#2480=IFCPLATE('JtC$nZ6xKDe_d6ESt6RJLC',#5,'Spandrel L6',$,$,#2479,#2476,$,$);
#2481=IFCCARTESIANPOINT((0,0,24));
#2482=IFCAXIS2PLACEMENT3D(#2481,$,$);
#2483=IFCLOCALPLACEMENT(#37,#2482);
#2484=IFCBUILDINGSTOREY('JNprdhq41vsNn_xN5WBpof',#5,'Floor 7',$,$,#2483,$,$,.ELEMENT.,24);
#2485=IFCCARTESIANPOINT((0.,0.));
#2486=IFCAXIS2PLACEMENT2D(#2485,$);
#2487=IFCRECTANGLEPROFILEDEF(.AREA.,$,#2486,30,20);
#2488=IFCCARTESIANPOINT((0.,0.,0.));
#2489=IFCAXIS2PLACEMENT3D(#2488,#12,#13);
#2490=IFCEXTRUDEDAREASOLID(#2487,#2489,#12,0.3);
#2491=IFCSTYLEDITEM(#2490,(#18),$);
#2492=IFCSHAPEREPRESENTATION(#15,'Body','SweptSolid',(#2490));
#2493=IFCPRODUCTDEFINITIONSHAPE($,$,(#2492));
#2494=IFCCARTESIANPOINT((0,0,24));
#2495=IFCAXIS2PLACEMENT3D(#2494,$,$);
#2496=IFCLOCALPLACEMENT(#2483,#2495);
#2497=IFCSLAB('$NFU6eQhMF9VuVA$o8XPvE',#5,'Slab L7',$,$,#2496,#2493,$,.FLOOR.);
#2498=IFCCARTESIANPOINT((0.,0.));
#2499=IFCAXIS2PLACEMENT2D(#2498,$);
#2500=IFCRECTANGLEPROFILEDEF(.AREA.,$,#2499,0.6,0.6);
#2501=IFCCARTESIANPOINT((0.,0.,0.));
#2502=IFCAXIS2PLACEMENT3D(#2501,#12,#13);
#2503=IFCEXTRUDEDAREASOLID(#2500,#2502,#12,3.7);
#2504=IFCSTYLEDITEM(#2503,(#21),$);
#2505=IFCSHAPEREPRESENTATION(#15,'Body','SweptSolid',(#2503));
#2506=IFCPRODUCTDEFINITIONSHAPE($,$,(#2505));
#2507=IFCCARTESIANPOINT((-14,-9,24.3));
#2508=IFCAXIS2PLACEMENT3D(#2507,$,$);
#2509=IFCLOCALPLACEMENT(#2483,#2508);
#2510=IFCCOLUMN('v$N_5S1pvDGYcCEWPjI3Mj',#5,'Col L7',$,$,#2509,#2506,$,$);
#2511=IFCCARTESIANPOINT((0.,0.));
#2512=IFCAXIS2PLACEMENT2D(#2511,$);
#2513=IFCRECTANGLEPROFILEDEF(.AREA.,$,#2512,0.6,0.6);
#2514=IFCCARTESIANPOINT((0.,0.,0.));
#2515=IFCAXIS2PLACEMENT3D(#2514,#12,#13);
#2516=IFCEXTRUDEDAREASOLID(#2513,#2515,#12,3.7);
#2517=IFCSTYLEDITEM(#2516,(#21),$);
#2518=IFCSHAPEREPRESENTATION(#15,'Body','SweptSolid',(#2516));
#2519=IFCPRODUCTDEFINITIONSHAPE($,$,(#2518));
#2520=IFCCARTESIANPOINT((-14,0,24.3));
#2521=IFCAXIS2PLACEMENT3D(#2520,$,$);
#2522=IFCLOCALPLACEMENT(#2483,#2521);
#2523=IFCCOLUMN('s6AtuGJYQRiaDeRoeW$AN9',#5,'Col L7',$,$,#2522,#2519,$,$);
#2524=IFCCARTESIANPOINT((0.,0.));
#2525=IFCAXIS2PLACEMENT2D(#2524,$);
#2526=IFCRECTANGLEPROFILEDEF(.AREA.,$,#2525,0.6,0.6);
#2527=IFCCARTESIANPOINT((0.,0.,0.));
#2528=IFCAXIS2PLACEMENT3D(#2527,#12,#13);
#2529=IFCEXTRUDEDAREASOLID(#2526,#2528,#12,3.7);
#2530=IFCSTYLEDITEM(#2529,(#21),$);
#2531=IFCSHAPEREPRESENTATION(#15,'Body','SweptSolid',(#2529));
#2532=IFCPRODUCTDEFINITIONSHAPE($,$,(#2531));
#2533=IFCCARTESIANPOINT((-14,9,24.3));
#2534=IFCAXIS2PLACEMENT3D(#2533,$,$);
#2535=IFCLOCALPLACEMENT(#2483,#2534);
#2536=IFCCOLUMN('ro6DDJQnyX3TvK$FdvWhZO',#5,'Col L7',$,$,#2535,#2532,$,$);
#2537=IFCCARTESIANPOINT((0.,0.));
#2538=IFCAXIS2PLACEMENT2D(#2537,$);
#2539=IFCRECTANGLEPROFILEDEF(.AREA.,$,#2538,0.6,0.6);
#2540=IFCCARTESIANPOINT((0.,0.,0.));
#2541=IFCAXIS2PLACEMENT3D(#2540,#12,#13);
#2542=IFCEXTRUDEDAREASOLID(#2539,#2541,#12,3.7);
#2543=IFCSTYLEDITEM(#2542,(#21),$);
#2544=IFCSHAPEREPRESENTATION(#15,'Body','SweptSolid',(#2542));
#2545=IFCPRODUCTDEFINITIONSHAPE($,$,(#2544));
#2546=IFCCARTESIANPOINT((-5,-9,24.3));
#2547=IFCAXIS2PLACEMENT3D(#2546,$,$);
#2548=IFCLOCALPLACEMENT(#2483,#2547);
#2549=IFCCOLUMN('H16cPtu35D_6LHd5n_JPod',#5,'Col L7',$,$,#2548,#2545,$,$);
#2550=IFCCARTESIANPOINT((0.,0.));
#2551=IFCAXIS2PLACEMENT2D(#2550,$);
#2552=IFCRECTANGLEPROFILEDEF(.AREA.,$,#2551,0.6,0.6);
#2553=IFCCARTESIANPOINT((0.,0.,0.));
#2554=IFCAXIS2PLACEMENT3D(#2553,#12,#13);
#2555=IFCEXTRUDEDAREASOLID(#2552,#2554,#12,3.7);
#2556=IFCSTYLEDITEM(#2555,(#21),$);
#2557=IFCSHAPEREPRESENTATION(#15,'Body','SweptSolid',(#2555));
#2558=IFCPRODUCTDEFINITIONSHAPE($,$,(#2557));
#2559=IFCCARTESIANPOINT((-5,0,24.3));
#2560=IFCAXIS2PLACEMENT3D(#2559,$,$);
#2561=IFCLOCALPLACEMENT(#2483,#2560);
#2562=IFCCOLUMN('YD4cFVV2jwuY7tMnSiLQ8E',#5,'Col L7',$,$,#2561,#2558,$,$);
#2563=IFCCARTESIANPOINT((0.,0.));
#2564=IFCAXIS2PLACEMENT2D(#2563,$);
#2565=IFCRECTANGLEPROFILEDEF(.AREA.,$,#2564,0.6,0.6);
#2566=IFCCARTESIANPOINT((0.,0.,0.));
#2567=IFCAXIS2PLACEMENT3D(#2566,#12,#13);
#2568=IFCEXTRUDEDAREASOLID(#2565,#2567,#12,3.7);
#2569=IFCSTYLEDITEM(#2568,(#21),$);
#2570=IFCSHAPEREPRESENTATION(#15,'Body','SweptSolid',(#2568));
#2571=IFCPRODUCTDEFINITIONSHAPE($,$,(#2570));
#2572=IFCCARTESIANPOINT((-5,9,24.3));
#2573=IFCAXIS2PLACEMENT3D(#2572,$,$);
#2574=IFCLOCALPLACEMENT(#2483,#2573);
#2575=IFCCOLUMN('Kd97LQK0ihd6GpbBs$w3dc',#5,'Col L7',$,$,#2574,#2571,$,$);
#2576=IFCCARTESIANPOINT((0.,0.));
#2577=IFCAXIS2PLACEMENT2D(#2576,$);
#2578=IFCRECTANGLEPROFILEDEF(.AREA.,$,#2577,0.6,0.6);
#2579=IFCCARTESIANPOINT((0.,0.,0.));
#2580=IFCAXIS2PLACEMENT3D(#2579,#12,#13);
#2581=IFCEXTRUDEDAREASOLID(#2578,#2580,#12,3.7);
#2582=IFCSTYLEDITEM(#2581,(#21),$);
#2583=IFCSHAPEREPRESENTATION(#15,'Body','SweptSolid',(#2581));
#2584=IFCPRODUCTDEFINITIONSHAPE($,$,(#2583));
#2585=IFCCARTESIANPOINT((5,-9,24.3));
#2586=IFCAXIS2PLACEMENT3D(#2585,$,$);
#2587=IFCLOCALPLACEMENT(#2483,#2586);
#2588=IFCCOLUMN('NJ20hbJgvACAxsV4pS2Nf7',#5,'Col L7',$,$,#2587,#2584,$,$);
#2589=IFCCARTESIANPOINT((0.,0.));
#2590=IFCAXIS2PLACEMENT2D(#2589,$);
#2591=IFCRECTANGLEPROFILEDEF(.AREA.,$,#2590,0.6,0.6);
#2592=IFCCARTESIANPOINT((0.,0.,0.));
#2593=IFCAXIS2PLACEMENT3D(#2592,#12,#13);
#2594=IFCEXTRUDEDAREASOLID(#2591,#2593,#12,3.7);
#2595=IFCSTYLEDITEM(#2594,(#21),$);
#2596=IFCSHAPEREPRESENTATION(#15,'Body','SweptSolid',(#2594));
#2597=IFCPRODUCTDEFINITIONSHAPE($,$,(#2596));
#2598=IFCCARTESIANPOINT((5,0,24.3));
#2599=IFCAXIS2PLACEMENT3D(#2598,$,$);
#2600=IFCLOCALPLACEMENT(#2483,#2599);
#2601=IFCCOLUMN('esWPAAYrfgVZc$WB8n7gBv',#5,'Col L7',$,$,#2600,#2597,$,$);
#2602=IFCCARTESIANPOINT((0.,0.));
#2603=IFCAXIS2PLACEMENT2D(#2602,$);
#2604=IFCRECTANGLEPROFILEDEF(.AREA.,$,#2603,0.6,0.6);
#2605=IFCCARTESIANPOINT((0.,0.,0.));
#2606=IFCAXIS2PLACEMENT3D(#2605,#12,#13);
#2607=IFCEXTRUDEDAREASOLID(#2604,#2606,#12,3.7);
#2608=IFCSTYLEDITEM(#2607,(#21),$);
#2609=IFCSHAPEREPRESENTATION(#15,'Body','SweptSolid',(#2607));
#2610=IFCPRODUCTDEFINITIONSHAPE($,$,(#2609));
#2611=IFCCARTESIANPOINT((5,9,24.3));
#2612=IFCAXIS2PLACEMENT3D(#2611,$,$);
#2613=IFCLOCALPLACEMENT(#2483,#2612);
#2614=IFCCOLUMN('iwfE0gtY$4JrpAuvs$kdHn',#5,'Col L7',$,$,#2613,#2610,$,$);
#2615=IFCCARTESIANPOINT((0.,0.));
#2616=IFCAXIS2PLACEMENT2D(#2615,$);
#2617=IFCRECTANGLEPROFILEDEF(.AREA.,$,#2616,0.6,0.6);
#2618=IFCCARTESIANPOINT((0.,0.,0.));
#2619=IFCAXIS2PLACEMENT3D(#2618,#12,#13);
#2620=IFCEXTRUDEDAREASOLID(#2617,#2619,#12,3.7);
#2621=IFCSTYLEDITEM(#2620,(#21),$);
#2622=IFCSHAPEREPRESENTATION(#15,'Body','SweptSolid',(#2620));
#2623=IFCPRODUCTDEFINITIONSHAPE($,$,(#2622));
#2624=IFCCARTESIANPOINT((14,-9,24.3));
#2625=IFCAXIS2PLACEMENT3D(#2624,$,$);
#2626=IFCLOCALPLACEMENT(#2483,#2625);
#2627=IFCCOLUMN('nBeBgcWvcti0MA3I$JvUkM',#5,'Col L7',$,$,#2626,#2623,$,$);
#2628=IFCCARTESIANPOINT((0.,0.));
#2629=IFCAXIS2PLACEMENT2D(#2628,$);
#2630=IFCRECTANGLEPROFILEDEF(.AREA.,$,#2629,0.6,0.6);
#2631=IFCCARTESIANPOINT((0.,0.,0.));
#2632=IFCAXIS2PLACEMENT3D(#2631,#12,#13);
#2633=IFCEXTRUDEDAREASOLID(#2630,#2632,#12,3.7);
#2634=IFCSTYLEDITEM(#2633,(#21),$);
#2635=IFCSHAPEREPRESENTATION(#15,'Body','SweptSolid',(#2633));
#2636=IFCPRODUCTDEFINITIONSHAPE($,$,(#2635));
#2637=IFCCARTESIANPOINT((14,0,24.3));
#2638=IFCAXIS2PLACEMENT3D(#2637,$,$);
#2639=IFCLOCALPLACEMENT(#2483,#2638);
#2640=IFCCOLUMN('7vM4GyCIuVwstn2N$lzIfW',#5,'Col L7',$,$,#2639,#2636,$,$);
#2641=IFCCARTESIANPOINT((0.,0.));
#2642=IFCAXIS2PLACEMENT2D(#2641,$);
#2643=IFCRECTANGLEPROFILEDEF(.AREA.,$,#2642,0.6,0.6);
#2644=IFCCARTESIANPOINT((0.,0.,0.));
#2645=IFCAXIS2PLACEMENT3D(#2644,#12,#13);
#2646=IFCEXTRUDEDAREASOLID(#2643,#2645,#12,3.7);
#2647=IFCSTYLEDITEM(#2646,(#21),$);
#2648=IFCSHAPEREPRESENTATION(#15,'Body','SweptSolid',(#2646));
#2649=IFCPRODUCTDEFINITIONSHAPE($,$,(#2648));
#2650=IFCCARTESIANPOINT((14,9,24.3));
#2651=IFCAXIS2PLACEMENT3D(#2650,$,$);
#2652=IFCLOCALPLACEMENT(#2483,#2651);
#2653=IFCCOLUMN('HHawuG_EqKM3aDX4vj$cuh',#5,'Col L7',$,$,#2652,#2649,$,$);
#2654=IFCCARTESIANPOINT((0.,0.));
#2655=IFCAXIS2PLACEMENT2D(#2654,$);
#2656=IFCRECTANGLEPROFILEDEF(.AREA.,$,#2655,6,0.3);
#2657=IFCCARTESIANPOINT((0.,0.,0.));
#2658=IFCAXIS2PLACEMENT3D(#2657,#12,#13);
#2659=IFCEXTRUDEDAREASOLID(#2656,#2658,#12,3.7);
#2660=IFCSTYLEDITEM(#2659,(#30),$);
#2661=IFCSHAPEREPRESENTATION(#15,'Body','SweptSolid',(#2659));
#2662=IFCPRODUCTDEFINITIONSHAPE($,$,(#2661));
#2663=IFCCARTESIANPOINT((0,-2,24.3));
#2664=IFCAXIS2PLACEMENT3D(#2663,$,$);
#2665=IFCLOCALPLACEMENT(#2483,#2664);
#2666=IFCWALL('uqMGXBxClcTZk9Z40dJ$5o',#5,'Core L7',$,$,#2665,#2662,$,$);
#2667=IFCCARTESIANPOINT((0.,0.));
#2668=IFCAXIS2PLACEMENT2D(#2667,$);
#2669=IFCRECTANGLEPROFILEDEF(.AREA.,$,#2668,0.3,4);
#2670=IFCCARTESIANPOINT((0.,0.,0.));
#2671=IFCAXIS2PLACEMENT3D(#2670,#12,#13);
#2672=IFCEXTRUDEDAREASOLID(#2669,#2671,#12,3.7);
#2673=IFCSTYLEDITEM(#2672,(#30),$);
#2674=IFCSHAPEREPRESENTATION(#15,'Body','SweptSolid',(#2672));
#2675=IFCPRODUCTDEFINITIONSHAPE($,$,(#2674));
#2676=IFCCARTESIANPOINT((-3,0,24.3));
#2677=IFCAXIS2PLACEMENT3D(#2676,$,$);
#2678=IFCLOCALPLACEMENT(#2483,#2677);
#2679=IFCWALL('QHhsVXls5Ao8MIdIjR9XHo',#5,'Core L7',$,$,#2678,#2675,$,$);
#2680=IFCCARTESIANPOINT((0.,0.));
#2681=IFCAXIS2PLACEMENT2D(#2680,$);
#2682=IFCRECTANGLEPROFILEDEF(.AREA.,$,#2681,30,0.3);
#2683=IFCCARTESIANPOINT((0.,0.,0.));
#2684=IFCAXIS2PLACEMENT3D(#2683,#12,#13);
#2685=IFCEXTRUDEDAREASOLID(#2682,#2684,#12,3.7);
#2686=IFCSTYLEDITEM(#2685,(#18),$);
#2687=IFCSHAPEREPRESENTATION(#15,'Body','SweptSolid',(#2685));
#2688=IFCPRODUCTDEFINITIONSHAPE($,$,(#2687));
#2689=IFCCARTESIANPOINT((0,9.85,24.3));
#2690=IFCAXIS2PLACEMENT3D(#2689,$,$);
#2691=IFCLOCALPLACEMENT(#2483,#2690);
#2692=IFCWALL('iJFmQuLbRV95PQAhdBHwoN',#5,'Back L7',$,$,#2691,#2688,$,$);
#2693=IFCCARTESIANPOINT((0.,0.));
#2694=IFCAXIS2PLACEMENT2D(#2693,$);
#2695=IFCRECTANGLEPROFILEDEF(.AREA.,$,#2694,0.3,20);
#2696=IFCCARTESIANPOINT((0.,0.,0.));
#2697=IFCAXIS2PLACEMENT3D(#2696,#12,#13);
#2698=IFCEXTRUDEDAREASOLID(#2695,#2697,#12,3.7);
#2699=IFCSTYLEDITEM(#2698,(#18),$);
#2700=IFCSHAPEREPRESENTATION(#15,'Body','SweptSolid',(#2698));
#2701=IFCPRODUCTDEFINITIONSHAPE($,$,(#2700));
#2702=IFCCARTESIANPOINT((-14.85,0,24.3));
#2703=IFCAXIS2PLACEMENT3D(#2702,$,$);
#2704=IFCLOCALPLACEMENT(#2483,#2703);
#2705=IFCWALL('e_QtKv$yNCRhHC_JGGngPQ',#5,'Side L7',$,$,#2704,#2701,$,$);
#2706=IFCCARTESIANPOINT((0.,0.));
#2707=IFCAXIS2PLACEMENT2D(#2706,$);
#2708=IFCRECTANGLEPROFILEDEF(.AREA.,$,#2707,0.3,20);
#2709=IFCCARTESIANPOINT((0.,0.,0.));
#2710=IFCAXIS2PLACEMENT3D(#2709,#12,#13);
#2711=IFCEXTRUDEDAREASOLID(#2708,#2710,#12,3.7);
#2712=IFCSTYLEDITEM(#2711,(#18),$);
#2713=IFCSHAPEREPRESENTATION(#15,'Body','SweptSolid',(#2711));
#2714=IFCPRODUCTDEFINITIONSHAPE($,$,(#2713));
#2715=IFCCARTESIANPOINT((14.85,0,24.3));
#2716=IFCAXIS2PLACEMENT3D(#2715,$,$);
#2717=IFCLOCALPLACEMENT(#2483,#2716);
#2718=IFCWALL('ARx2Woj43e9hWuzg5QLnmF',#5,'Side L7',$,$,#2717,#2714,$,$);
#2719=IFCCARTESIANPOINT((0.,0.));
#2720=IFCAXIS2PLACEMENT2D(#2719,$);
#2721=IFCRECTANGLEPROFILEDEF(.AREA.,$,#2720,4.683333333333333,0.08);
#2722=IFCCARTESIANPOINT((0.,0.,0.));
#2723=IFCAXIS2PLACEMENT3D(#2722,#12,#13);
#2724=IFCEXTRUDEDAREASOLID(#2721,#2723,#12,3.3000000000000003);
#2725=IFCSTYLEDITEM(#2724,(#24),$);
#2726=IFCSHAPEREPRESENTATION(#15,'Body','SweptSolid',(#2724));
#2727=IFCPRODUCTDEFINITIONSHAPE($,$,(#2726));
#2728=IFCCARTESIANPOINT((-12.083333333333334,-9.9,24.5));
#2729=IFCAXIS2PLACEMENT3D(#2728,$,$);
#2730=IFCLOCALPLACEMENT(#2483,#2729);
#2731=IFCWINDOW('R9lP2gdhnJNkBOmPkKDfAA',#5,'Glazing L7',$,$,#2730,#2727,$,$,$);
#2732=IFCCARTESIANPOINT((0.,0.));
#2733=IFCAXIS2PLACEMENT2D(#2732,$);
#2734=IFCRECTANGLEPROFILEDEF(.AREA.,$,#2733,0.12,0.15);
#2735=IFCCARTESIANPOINT((0.,0.,0.));
#2736=IFCAXIS2PLACEMENT3D(#2735,#12,#13);
#2737=IFCEXTRUDEDAREASOLID(#2734,#2736,#12,3.7);
#2738=IFCSTYLEDITEM(#2737,(#27),$);
#2739=IFCSHAPEREPRESENTATION(#15,'Body','SweptSolid',(#2737));
#2740=IFCPRODUCTDEFINITIONSHAPE($,$,(#2739));
#2741=IFCCARTESIANPOINT((-14.5,-9.9,24.3));
#2742=IFCAXIS2PLACEMENT3D(#2741,$,$);
#2743=IFCLOCALPLACEMENT(#2483,#2742);
#2744=IFCPLATE('uvQ8fU7GPVebbw4$yOJqJp',#5,'Mullion L7',$,$,#2743,#2740,$,$);
#2745=IFCCARTESIANPOINT((0.,0.));
#2746=IFCAXIS2PLACEMENT2D(#2745,$);
#2747=IFCRECTANGLEPROFILEDEF(.AREA.,$,#2746,4.683333333333333,0.08);
#2748=IFCCARTESIANPOINT((0.,0.,0.));
#2749=IFCAXIS2PLACEMENT3D(#2748,#12,#13);
#2750=IFCEXTRUDEDAREASOLID(#2747,#2749,#12,3.3000000000000003);
#2751=IFCSTYLEDITEM(#2750,(#24),$);
#2752=IFCSHAPEREPRESENTATION(#15,'Body','SweptSolid',(#2750));
#2753=IFCPRODUCTDEFINITIONSHAPE($,$,(#2752));
#2754=IFCCARTESIANPOINT((-7.25,-9.9,24.5));
#2755=IFCAXIS2PLACEMENT3D(#2754,$,$);
#2756=IFCLOCALPLACEMENT(#2483,#2755);
#2757=IFCWINDOW('LEMltZcEYvvr538VnXk9PE',#5,'Glazing L7',$,$,#2756,#2753,$,$,$);
#2758=IFCCARTESIANPOINT((0.,0.));
#2759=IFCAXIS2PLACEMENT2D(#2758,$);
#2760=IFCRECTANGLEPROFILEDEF(.AREA.,$,#2759,0.12,0.15);
#2761=IFCCARTESIANPOINT((0.,0.,0.));
#2762=IFCAXIS2PLACEMENT3D(#2761,#12,#13);
#2763=IFCEXTRUDEDAREASOLID(#2760,#2762,#12,3.7);
#2764=IFCSTYLEDITEM(#2763,(#27),$);
#2765=IFCSHAPEREPRESENTATION(#15,'Body','SweptSolid',(#2763));
#2766=IFCPRODUCTDEFINITIONSHAPE($,$,(#2765));
#2767=IFCCARTESIANPOINT((-9.666666666666668,-9.9,24.3));
#2768=IFCAXIS2PLACEMENT3D(#2767,$,$);
#2769=IFCLOCALPLACEMENT(#2483,#2768);
#2770=IFCPLATE('s8cQLENwAwg9B7brrV1W0l',#5,'Mullion L7',$,$,#2769,#2766,$,$);
#2771=IFCCARTESIANPOINT((0.,0.));
#2772=IFCAXIS2PLACEMENT2D(#2771,$);
#2773=IFCRECTANGLEPROFILEDEF(.AREA.,$,#2772,4.683333333333333,0.08);
#2774=IFCCARTESIANPOINT((0.,0.,0.));
#2775=IFCAXIS2PLACEMENT3D(#2774,#12,#13);
#2776=IFCEXTRUDEDAREASOLID(#2773,#2775,#12,3.3000000000000003);
#2777=IFCSTYLEDITEM(#2776,(#24),$);
#2778=IFCSHAPEREPRESENTATION(#15,'Body','SweptSolid',(#2776));
#2779=IFCPRODUCTDEFINITIONSHAPE($,$,(#2778));
#2780=IFCCARTESIANPOINT((-2.416666666666668,-9.9,24.5));
#2781=IFCAXIS2PLACEMENT3D(#2780,$,$);
#2782=IFCLOCALPLACEMENT(#2483,#2781);
#2783=IFCWINDOW('mMBTCQrQQhAHNyg8bgv9n$',#5,'Glazing L7',$,$,#2782,#2779,$,$,$);
#2784=IFCCARTESIANPOINT((0.,0.));
#2785=IFCAXIS2PLACEMENT2D(#2784,$);
#2786=IFCRECTANGLEPROFILEDEF(.AREA.,$,#2785,0.12,0.15);
#2787=IFCCARTESIANPOINT((0.,0.,0.));
#2788=IFCAXIS2PLACEMENT3D(#2787,#12,#13);
#2789=IFCEXTRUDEDAREASOLID(#2786,#2788,#12,3.7);
#2790=IFCSTYLEDITEM(#2789,(#27),$);
#2791=IFCSHAPEREPRESENTATION(#15,'Body','SweptSolid',(#2789));
#2792=IFCPRODUCTDEFINITIONSHAPE($,$,(#2791));
#2793=IFCCARTESIANPOINT((-4.833333333333334,-9.9,24.3));
#2794=IFCAXIS2PLACEMENT3D(#2793,$,$);
#2795=IFCLOCALPLACEMENT(#2483,#2794);
#2796=IFCPLATE('qZocNOC$79NIF9EouVdi56',#5,'Mullion L7',$,$,#2795,#2792,$,$);
#2797=IFCCARTESIANPOINT((0.,0.));
#2798=IFCAXIS2PLACEMENT2D(#2797,$);
#2799=IFCRECTANGLEPROFILEDEF(.AREA.,$,#2798,4.683333333333333,0.08);
#2800=IFCCARTESIANPOINT((0.,0.,0.));
#2801=IFCAXIS2PLACEMENT3D(#2800,#12,#13);
#2802=IFCEXTRUDEDAREASOLID(#2799,#2801,#12,3.3000000000000003);
#2803=IFCSTYLEDITEM(#2802,(#24),$);
#2804=IFCSHAPEREPRESENTATION(#15,'Body','SweptSolid',(#2802));
#2805=IFCPRODUCTDEFINITIONSHAPE($,$,(#2804));
#2806=IFCCARTESIANPOINT((2.4166666666666643,-9.9,24.5));
#2807=IFCAXIS2PLACEMENT3D(#2806,$,$);
#2808=IFCLOCALPLACEMENT(#2483,#2807);
#2809=IFCWINDOW('C4zc8eTSpzptmYYipy_wpg',#5,'Glazing L7',$,$,#2808,#2805,$,$,$);
#2810=IFCCARTESIANPOINT((0.,0.));
#2811=IFCAXIS2PLACEMENT2D(#2810,$);
#2812=IFCRECTANGLEPROFILEDEF(.AREA.,$,#2811,0.12,0.15);
#2813=IFCCARTESIANPOINT((0.,0.,0.));
#2814=IFCAXIS2PLACEMENT3D(#2813,#12,#13);
#2815=IFCEXTRUDEDAREASOLID(#2812,#2814,#12,3.7);
#2816=IFCSTYLEDITEM(#2815,(#27),$);
#2817=IFCSHAPEREPRESENTATION(#15,'Body','SweptSolid',(#2815));
#2818=IFCPRODUCTDEFINITIONSHAPE($,$,(#2817));
#2819=IFCCARTESIANPOINT((0,-9.9,24.3));
#2820=IFCAXIS2PLACEMENT3D(#2819,$,$);
#2821=IFCLOCALPLACEMENT(#2483,#2820);
#2822=IFCPLATE('blRiAbf9UdI64V8Ug7inv8',#5,'Mullion L7',$,$,#2821,#2818,$,$);
#2823=IFCCARTESIANPOINT((0.,0.));
#2824=IFCAXIS2PLACEMENT2D(#2823,$);
#2825=IFCRECTANGLEPROFILEDEF(.AREA.,$,#2824,4.683333333333333,0.08);
#2826=IFCCARTESIANPOINT((0.,0.,0.));
#2827=IFCAXIS2PLACEMENT3D(#2826,#12,#13);
#2828=IFCEXTRUDEDAREASOLID(#2825,#2827,#12,3.3000000000000003);
#2829=IFCSTYLEDITEM(#2828,(#24),$);
#2830=IFCSHAPEREPRESENTATION(#15,'Body','SweptSolid',(#2828));
#2831=IFCPRODUCTDEFINITIONSHAPE($,$,(#2830));
#2832=IFCCARTESIANPOINT((7.25,-9.9,24.5));
#2833=IFCAXIS2PLACEMENT3D(#2832,$,$);
#2834=IFCLOCALPLACEMENT(#2483,#2833);
#2835=IFCWINDOW('0VCrxHa47AYPn61KShhzu1',#5,'Glazing L7',$,$,#2834,#2831,$,$,$);
#2836=IFCCARTESIANPOINT((0.,0.));
#2837=IFCAXIS2PLACEMENT2D(#2836,$);
#2838=IFCRECTANGLEPROFILEDEF(.AREA.,$,#2837,0.12,0.15);
#2839=IFCCARTESIANPOINT((0.,0.,0.));
#2840=IFCAXIS2PLACEMENT3D(#2839,#12,#13);
#2841=IFCEXTRUDEDAREASOLID(#2838,#2840,#12,3.7);
#2842=IFCSTYLEDITEM(#2841,(#27),$);
#2843=IFCSHAPEREPRESENTATION(#15,'Body','SweptSolid',(#2841));
#2844=IFCPRODUCTDEFINITIONSHAPE($,$,(#2843));
#2845=IFCCARTESIANPOINT((4.833333333333332,-9.9,24.3));
#2846=IFCAXIS2PLACEMENT3D(#2845,$,$);
#2847=IFCLOCALPLACEMENT(#2483,#2846);
#2848=IFCPLATE('vQ6ZNVngHEziy$PaAIk0XD',#5,'Mullion L7',$,$,#2847,#2844,$,$);
#2849=IFCCARTESIANPOINT((0.,0.));
#2850=IFCAXIS2PLACEMENT2D(#2849,$);
#2851=IFCRECTANGLEPROFILEDEF(.AREA.,$,#2850,4.683333333333333,0.08);
#2852=IFCCARTESIANPOINT((0.,0.,0.));
#2853=IFCAXIS2PLACEMENT3D(#2852,#12,#13);
#2854=IFCEXTRUDEDAREASOLID(#2851,#2853,#12,3.3000000000000003);
#2855=IFCSTYLEDITEM(#2854,(#24),$);
#2856=IFCSHAPEREPRESENTATION(#15,'Body','SweptSolid',(#2854));
#2857=IFCPRODUCTDEFINITIONSHAPE($,$,(#2856));
#2858=IFCCARTESIANPOINT((12.083333333333332,-9.9,24.5));
#2859=IFCAXIS2PLACEMENT3D(#2858,$,$);
#2860=IFCLOCALPLACEMENT(#2483,#2859);
#2861=IFCWINDOW('rp1KG$RCd2mWiFxmCKwZT_',#5,'Glazing L7',$,$,#2860,#2857,$,$,$);
#2862=IFCCARTESIANPOINT((0.,0.));
#2863=IFCAXIS2PLACEMENT2D(#2862,$);
#2864=IFCRECTANGLEPROFILEDEF(.AREA.,$,#2863,0.12,0.15);
#2865=IFCCARTESIANPOINT((0.,0.,0.));
#2866=IFCAXIS2PLACEMENT3D(#2865,#12,#13);
#2867=IFCEXTRUDEDAREASOLID(#2864,#2866,#12,3.7);
#2868=IFCSTYLEDITEM(#2867,(#27),$);
#2869=IFCSHAPEREPRESENTATION(#15,'Body','SweptSolid',(#2867));
#2870=IFCPRODUCTDEFINITIONSHAPE($,$,(#2869));
#2871=IFCCARTESIANPOINT((9.666666666666664,-9.9,24.3));
#2872=IFCAXIS2PLACEMENT3D(#2871,$,$);
#2873=IFCLOCALPLACEMENT(#2483,#2872);
#2874=IFCPLATE('DIp8h_OlpOzcn8XwsoI5Nu',#5,'Mullion L7',$,$,#2873,#2870,$,$);
#2875=IFCCARTESIANPOINT((0.,0.));
#2876=IFCAXIS2PLACEMENT2D(#2875,$);
#2877=IFCRECTANGLEPROFILEDEF(.AREA.,$,#2876,29,0.15);
#2878=IFCCARTESIANPOINT((0.,0.,0.));
#2879=IFCAXIS2PLACEMENT3D(#2878,#12,#13);
#2880=IFCEXTRUDEDAREASOLID(#2877,#2879,#12,0.4);
#2881=IFCSTYLEDITEM(#2880,(#18),$);
#2882=IFCSHAPEREPRESENTATION(#15,'Body','SweptSolid',(#2880));
#2883=IFCPRODUCTDEFINITIONSHAPE($,$,(#2882));
#2884=IFCCARTESIANPOINT((0,-9.9,24.3));
#2885=IFCAXIS2PLACEMENT3D(#2884,$,$);
#2886=IFCLOCALPLACEMENT(#2483,#2885);
#2887=IFCPLATE('mnhSFNteU$R00Hd6735MFx',#5,'Spandrel L7',$,$,#2886,#2883,$,$);
#2888=IFCCARTESIANPOINT((0,0,28));
#2889=IFCAXIS2PLACEMENT3D(#2888,$,$);
#2890=IFCLOCALPLACEMENT(#37,#2889);
#2891=IFCBUILDINGSTOREY('RC9h2iYiWHb15EiZPFBZCK',#5,'Floor 8',$,$,#2890,$,$,.ELEMENT.,28);
#2892=IFCCARTESIANPOINT((0.,0.));
#2893=IFCAXIS2PLACEMENT2D(#2892,$);
#2894=IFCRECTANGLEPROFILEDEF(.AREA.,$,#2893,30,20);
#2895=IFCCARTESIANPOINT((0.,0.,0.));
#2896=IFCAXIS2PLACEMENT3D(#2895,#12,#13);
#2897=IFCEXTRUDEDAREASOLID(#2894,#2896,#12,0.3);
#2898=IFCSTYLEDITEM(#2897,(#18),$);
#2899=IFCSHAPEREPRESENTATION(#15,'Body','SweptSolid',(#2897));
#2900=IFCPRODUCTDEFINITIONSHAPE($,$,(#2899));
#2901=IFCCARTESIANPOINT((0,0,28));
#2902=IFCAXIS2PLACEMENT3D(#2901,$,$);
#2903=IFCLOCALPLACEMENT(#2890,#2902);
#2904=IFCSLAB('T2cnXk4UL52apzAFknbgrY',#5,'Slab L8',$,$,#2903,#2900,$,.FLOOR.);
#2905=IFCCARTESIANPOINT((0.,0.));
#2906=IFCAXIS2PLACEMENT2D(#2905,$);
#2907=IFCRECTANGLEPROFILEDEF(.AREA.,$,#2906,0.6,0.6);
#2908=IFCCARTESIANPOINT((0.,0.,0.));
#2909=IFCAXIS2PLACEMENT3D(#2908,#12,#13);
#2910=IFCEXTRUDEDAREASOLID(#2907,#2909,#12,3.7);
#2911=IFCSTYLEDITEM(#2910,(#21),$);
#2912=IFCSHAPEREPRESENTATION(#15,'Body','SweptSolid',(#2910));
#2913=IFCPRODUCTDEFINITIONSHAPE($,$,(#2912));
#2914=IFCCARTESIANPOINT((-14,-9,28.3));
#2915=IFCAXIS2PLACEMENT3D(#2914,$,$);
#2916=IFCLOCALPLACEMENT(#2890,#2915);
#2917=IFCCOLUMN('KO1ZpUevb5l4fFtGhI1Hd2',#5,'Col L8',$,$,#2916,#2913,$,$);
#2918=IFCCARTESIANPOINT((0.,0.));
#2919=IFCAXIS2PLACEMENT2D(#2918,$);
#2920=IFCRECTANGLEPROFILEDEF(.AREA.,$,#2919,0.6,0.6);
#2921=IFCCARTESIANPOINT((0.,0.,0.));
#2922=IFCAXIS2PLACEMENT3D(#2921,#12,#13);
#2923=IFCEXTRUDEDAREASOLID(#2920,#2922,#12,3.7);
#2924=IFCSTYLEDITEM(#2923,(#21),$);
#2925=IFCSHAPEREPRESENTATION(#15,'Body','SweptSolid',(#2923));
#2926=IFCPRODUCTDEFINITIONSHAPE($,$,(#2925));
#2927=IFCCARTESIANPOINT((-14,0,28.3));
#2928=IFCAXIS2PLACEMENT3D(#2927,$,$);
#2929=IFCLOCALPLACEMENT(#2890,#2928);
#2930=IFCCOLUMN('z0EIc877xSehQIHxqYOTjx',#5,'Col L8',$,$,#2929,#2926,$,$);
#2931=IFCCARTESIANPOINT((0.,0.));
#2932=IFCAXIS2PLACEMENT2D(#2931,$);
#2933=IFCRECTANGLEPROFILEDEF(.AREA.,$,#2932,0.6,0.6);
#2934=IFCCARTESIANPOINT((0.,0.,0.));
#2935=IFCAXIS2PLACEMENT3D(#2934,#12,#13);
#2936=IFCEXTRUDEDAREASOLID(#2933,#2935,#12,3.7);
#2937=IFCSTYLEDITEM(#2936,(#21),$);
#2938=IFCSHAPEREPRESENTATION(#15,'Body','SweptSolid',(#2936));
#2939=IFCPRODUCTDEFINITIONSHAPE($,$,(#2938));
#2940=IFCCARTESIANPOINT((-14,9,28.3));
#2941=IFCAXIS2PLACEMENT3D(#2940,$,$);
#2942=IFCLOCALPLACEMENT(#2890,#2941);
#2943=IFCCOLUMN('D0XGZN1E2lH$gajBYtpvzi',#5,'Col L8',$,$,#2942,#2939,$,$);
#2944=IFCCARTESIANPOINT((0.,0.));
#2945=IFCAXIS2PLACEMENT2D(#2944,$);
#2946=IFCRECTANGLEPROFILEDEF(.AREA.,$,#2945,0.6,0.6);
#2947=IFCCARTESIANPOINT((0.,0.,0.));
#2948=IFCAXIS2PLACEMENT3D(#2947,#12,#13);
#2949=IFCEXTRUDEDAREASOLID(#2946,#2948,#12,3.7);
#2950=IFCSTYLEDITEM(#2949,(#21),$);
#2951=IFCSHAPEREPRESENTATION(#15,'Body','SweptSolid',(#2949));
#2952=IFCPRODUCTDEFINITIONSHAPE($,$,(#2951));
#2953=IFCCARTESIANPOINT((-5,-9,28.3));
#2954=IFCAXIS2PLACEMENT3D(#2953,$,$);
#2955=IFCLOCALPLACEMENT(#2890,#2954);
#2956=IFCCOLUMN('lfcMpdV74j3M77P9czWXWm',#5,'Col L8',$,$,#2955,#2952,$,$);
#2957=IFCCARTESIANPOINT((0.,0.));
#2958=IFCAXIS2PLACEMENT2D(#2957,$);
#2959=IFCRECTANGLEPROFILEDEF(.AREA.,$,#2958,0.6,0.6);
#2960=IFCCARTESIANPOINT((0.,0.,0.));
#2961=IFCAXIS2PLACEMENT3D(#2960,#12,#13);
#2962=IFCEXTRUDEDAREASOLID(#2959,#2961,#12,3.7);
#2963=IFCSTYLEDITEM(#2962,(#21),$);
#2964=IFCSHAPEREPRESENTATION(#15,'Body','SweptSolid',(#2962));
#2965=IFCPRODUCTDEFINITIONSHAPE($,$,(#2964));
#2966=IFCCARTESIANPOINT((-5,0,28.3));
#2967=IFCAXIS2PLACEMENT3D(#2966,$,$);
#2968=IFCLOCALPLACEMENT(#2890,#2967);
#2969=IFCCOLUMN('3EZj0dsRAFTwdGHugTw0st',#5,'Col L8',$,$,#2968,#2965,$,$);
#2970=IFCCARTESIANPOINT((0.,0.));
#2971=IFCAXIS2PLACEMENT2D(#2970,$);
#2972=IFCRECTANGLEPROFILEDEF(.AREA.,$,#2971,0.6,0.6);
#2973=IFCCARTESIANPOINT((0.,0.,0.));
#2974=IFCAXIS2PLACEMENT3D(#2973,#12,#13);
#2975=IFCEXTRUDEDAREASOLID(#2972,#2974,#12,3.7);
#2976=IFCSTYLEDITEM(#2975,(#21),$);
#2977=IFCSHAPEREPRESENTATION(#15,'Body','SweptSolid',(#2975));
#2978=IFCPRODUCTDEFINITIONSHAPE($,$,(#2977));
#2979=IFCCARTESIANPOINT((-5,9,28.3));
#2980=IFCAXIS2PLACEMENT3D(#2979,$,$);
#2981=IFCLOCALPLACEMENT(#2890,#2980);
#2982=IFCCOLUMN('18rx1C_frV$mQfDbPfdv4x',#5,'Col L8',$,$,#2981,#2978,$,$);
#2983=IFCCARTESIANPOINT((0.,0.));
#2984=IFCAXIS2PLACEMENT2D(#2983,$);
#2985=IFCRECTANGLEPROFILEDEF(.AREA.,$,#2984,0.6,0.6);
#2986=IFCCARTESIANPOINT((0.,0.,0.));
#2987=IFCAXIS2PLACEMENT3D(#2986,#12,#13);
#2988=IFCEXTRUDEDAREASOLID(#2985,#2987,#12,3.7);
#2989=IFCSTYLEDITEM(#2988,(#21),$);
#2990=IFCSHAPEREPRESENTATION(#15,'Body','SweptSolid',(#2988));
#2991=IFCPRODUCTDEFINITIONSHAPE($,$,(#2990));
#2992=IFCCARTESIANPOINT((5,-9,28.3));
#2993=IFCAXIS2PLACEMENT3D(#2992,$,$);
#2994=IFCLOCALPLACEMENT(#2890,#2993);
#2995=IFCCOLUMN('$Lo3YTuisvkgJXi9IF$_uP',#5,'Col L8',$,$,#2994,#2991,$,$);
#2996=IFCCARTESIANPOINT((0.,0.));
#2997=IFCAXIS2PLACEMENT2D(#2996,$);
#2998=IFCRECTANGLEPROFILEDEF(.AREA.,$,#2997,0.6,0.6);
#2999=IFCCARTESIANPOINT((0.,0.,0.));
#3000=IFCAXIS2PLACEMENT3D(#2999,#12,#13);
#3001=IFCEXTRUDEDAREASOLID(#2998,#3000,#12,3.7);
#3002=IFCSTYLEDITEM(#3001,(#21),$);
#3003=IFCSHAPEREPRESENTATION(#15,'Body','SweptSolid',(#3001));
#3004=IFCPRODUCTDEFINITIONSHAPE($,$,(#3003));
#3005=IFCCARTESIANPOINT((5,0,28.3));
#3006=IFCAXIS2PLACEMENT3D(#3005,$,$);
#3007=IFCLOCALPLACEMENT(#2890,#3006);
#3008=IFCCOLUMN('jNlKmB62L2qFhpylCHpmIO',#5,'Col L8',$,$,#3007,#3004,$,$);
#3009=IFCCARTESIANPOINT((0.,0.));
#3010=IFCAXIS2PLACEMENT2D(#3009,$);
#3011=IFCRECTANGLEPROFILEDEF(.AREA.,$,#3010,0.6,0.6);
#3012=IFCCARTESIANPOINT((0.,0.,0.));
#3013=IFCAXIS2PLACEMENT3D(#3012,#12,#13);
#3014=IFCEXTRUDEDAREASOLID(#3011,#3013,#12,3.7);
#3015=IFCSTYLEDITEM(#3014,(#21),$);
#3016=IFCSHAPEREPRESENTATION(#15,'Body','SweptSolid',(#3014));
#3017=IFCPRODUCTDEFINITIONSHAPE($,$,(#3016));
#3018=IFCCARTESIANPOINT((5,9,28.3));
#3019=IFCAXIS2PLACEMENT3D(#3018,$,$);
#3020=IFCLOCALPLACEMENT(#2890,#3019);
#3021=IFCCOLUMN('IZUXsscgNjJZImdj7amv$i',#5,'Col L8',$,$,#3020,#3017,$,$);
#3022=IFCCARTESIANPOINT((0.,0.));
#3023=IFCAXIS2PLACEMENT2D(#3022,$);
#3024=IFCRECTANGLEPROFILEDEF(.AREA.,$,#3023,0.6,0.6);
#3025=IFCCARTESIANPOINT((0.,0.,0.));
#3026=IFCAXIS2PLACEMENT3D(#3025,#12,#13);
#3027=IFCEXTRUDEDAREASOLID(#3024,#3026,#12,3.7);
#3028=IFCSTYLEDITEM(#3027,(#21),$);
#3029=IFCSHAPEREPRESENTATION(#15,'Body','SweptSolid',(#3027));
#3030=IFCPRODUCTDEFINITIONSHAPE($,$,(#3029));
#3031=IFCCARTESIANPOINT((14,-9,28.3));
#3032=IFCAXIS2PLACEMENT3D(#3031,$,$);
#3033=IFCLOCALPLACEMENT(#2890,#3032);
#3034=IFCCOLUMN('sCaYonejCo3NHbzmRYDG$p',#5,'Col L8',$,$,#3033,#3030,$,$);
#3035=IFCCARTESIANPOINT((0.,0.));
#3036=IFCAXIS2PLACEMENT2D(#3035,$);
#3037=IFCRECTANGLEPROFILEDEF(.AREA.,$,#3036,0.6,0.6);
#3038=IFCCARTESIANPOINT((0.,0.,0.));
#3039=IFCAXIS2PLACEMENT3D(#3038,#12,#13);
#3040=IFCEXTRUDEDAREASOLID(#3037,#3039,#12,3.7);
#3041=IFCSTYLEDITEM(#3040,(#21),$);
#3042=IFCSHAPEREPRESENTATION(#15,'Body','SweptSolid',(#3040));
#3043=IFCPRODUCTDEFINITIONSHAPE($,$,(#3042));
#3044=IFCCARTESIANPOINT((14,0,28.3));
#3045=IFCAXIS2PLACEMENT3D(#3044,$,$);
#3046=IFCLOCALPLACEMENT(#2890,#3045);
#3047=IFCCOLUMN('8S9E8$PtdO4AbjEpqKI9tG',#5,'Col L8',$,$,#3046,#3043,$,$);
#3048=IFCCARTESIANPOINT((0.,0.));
#3049=IFCAXIS2PLACEMENT2D(#3048,$);
#3050=IFCRECTANGLEPROFILEDEF(.AREA.,$,#3049,0.6,0.6);
#3051=IFCCARTESIANPOINT((0.,0.,0.));
#3052=IFCAXIS2PLACEMENT3D(#3051,#12,#13);
#3053=IFCEXTRUDEDAREASOLID(#3050,#3052,#12,3.7);
#3054=IFCSTYLEDITEM(#3053,(#21),$);
#3055=IFCSHAPEREPRESENTATION(#15,'Body','SweptSolid',(#3053));
#3056=IFCPRODUCTDEFINITIONSHAPE($,$,(#3055));
#3057=IFCCARTESIANPOINT((14,9,28.3));
#3058=IFCAXIS2PLACEMENT3D(#3057,$,$);
#3059=IFCLOCALPLACEMENT(#2890,#3058);
#3060=IFCCOLUMN('y4_Tmgq56TibDX_ZgXLNqN',#5,'Col L8',$,$,#3059,#3056,$,$);
#3061=IFCCARTESIANPOINT((0.,0.));
#3062=IFCAXIS2PLACEMENT2D(#3061,$);
#3063=IFCRECTANGLEPROFILEDEF(.AREA.,$,#3062,6,0.3);
#3064=IFCCARTESIANPOINT((0.,0.,0.));
#3065=IFCAXIS2PLACEMENT3D(#3064,#12,#13);
#3066=IFCEXTRUDEDAREASOLID(#3063,#3065,#12,3.7);
#3067=IFCSTYLEDITEM(#3066,(#30),$);
#3068=IFCSHAPEREPRESENTATION(#15,'Body','SweptSolid',(#3066));
#3069=IFCPRODUCTDEFINITIONSHAPE($,$,(#3068));
#3070=IFCCARTESIANPOINT((0,-2,28.3));
#3071=IFCAXIS2PLACEMENT3D(#3070,$,$);
#3072=IFCLOCALPLACEMENT(#2890,#3071);
#3073=IFCWALL('v$n4dkStC0mu6v_Det0hST',#5,'Core L8',$,$,#3072,#3069,$,$);
#3074=IFCCARTESIANPOINT((0.,0.));
#3075=IFCAXIS2PLACEMENT2D(#3074,$);
#3076=IFCRECTANGLEPROFILEDEF(.AREA.,$,#3075,0.3,4);
#3077=IFCCARTESIANPOINT((0.,0.,0.));
#3078=IFCAXIS2PLACEMENT3D(#3077,#12,#13);
#3079=IFCEXTRUDEDAREASOLID(#3076,#3078,#12,3.7);
#3080=IFCSTYLEDITEM(#3079,(#30),$);
#3081=IFCSHAPEREPRESENTATION(#15,'Body','SweptSolid',(#3079));
#3082=IFCPRODUCTDEFINITIONSHAPE($,$,(#3081));
#3083=IFCCARTESIANPOINT((-3,0,28.3));
#3084=IFCAXIS2PLACEMENT3D(#3083,$,$);
#3085=IFCLOCALPLACEMENT(#2890,#3084);
#3086=IFCWALL('M8SMXG9t3UkbyVfZxuwOq4',#5,'Core L8',$,$,#3085,#3082,$,$);
#3087=IFCCARTESIANPOINT((0.,0.));
#3088=IFCAXIS2PLACEMENT2D(#3087,$);
#3089=IFCRECTANGLEPROFILEDEF(.AREA.,$,#3088,30,0.3);
#3090=IFCCARTESIANPOINT((0.,0.,0.));
#3091=IFCAXIS2PLACEMENT3D(#3090,#12,#13);
#3092=IFCEXTRUDEDAREASOLID(#3089,#3091,#12,3.7);
#3093=IFCSTYLEDITEM(#3092,(#18),$);
#3094=IFCSHAPEREPRESENTATION(#15,'Body','SweptSolid',(#3092));
#3095=IFCPRODUCTDEFINITIONSHAPE($,$,(#3094));
#3096=IFCCARTESIANPOINT((0,9.85,28.3));
#3097=IFCAXIS2PLACEMENT3D(#3096,$,$);
#3098=IFCLOCALPLACEMENT(#2890,#3097);
#3099=IFCWALL('ua2j9S844R49vYjIcDTMkB',#5,'Back L8',$,$,#3098,#3095,$,$);
#3100=IFCCARTESIANPOINT((0.,0.));
#3101=IFCAXIS2PLACEMENT2D(#3100,$);
#3102=IFCRECTANGLEPROFILEDEF(.AREA.,$,#3101,0.3,20);
#3103=IFCCARTESIANPOINT((0.,0.,0.));
#3104=IFCAXIS2PLACEMENT3D(#3103,#12,#13);
#3105=IFCEXTRUDEDAREASOLID(#3102,#3104,#12,3.7);
#3106=IFCSTYLEDITEM(#3105,(#18),$);
#3107=IFCSHAPEREPRESENTATION(#15,'Body','SweptSolid',(#3105));
#3108=IFCPRODUCTDEFINITIONSHAPE($,$,(#3107));
#3109=IFCCARTESIANPOINT((-14.85,0,28.3));
#3110=IFCAXIS2PLACEMENT3D(#3109,$,$);
#3111=IFCLOCALPLACEMENT(#2890,#3110);
#3112=IFCWALL('c$ufwlAE6LmepciTO$f7tv',#5,'Side L8',$,$,#3111,#3108,$,$);
#3113=IFCCARTESIANPOINT((0.,0.));
#3114=IFCAXIS2PLACEMENT2D(#3113,$);
#3115=IFCRECTANGLEPROFILEDEF(.AREA.,$,#3114,0.3,20);
#3116=IFCCARTESIANPOINT((0.,0.,0.));
#3117=IFCAXIS2PLACEMENT3D(#3116,#12,#13);
#3118=IFCEXTRUDEDAREASOLID(#3115,#3117,#12,3.7);
#3119=IFCSTYLEDITEM(#3118,(#18),$);
#3120=IFCSHAPEREPRESENTATION(#15,'Body','SweptSolid',(#3118));
#3121=IFCPRODUCTDEFINITIONSHAPE($,$,(#3120));
#3122=IFCCARTESIANPOINT((14.85,0,28.3));
#3123=IFCAXIS2PLACEMENT3D(#3122,$,$);
#3124=IFCLOCALPLACEMENT(#2890,#3123);
#3125=IFCWALL('2HXPRDRkNjoo17WI0pu9e2',#5,'Side L8',$,$,#3124,#3121,$,$);
#3126=IFCCARTESIANPOINT((0.,0.));
#3127=IFCAXIS2PLACEMENT2D(#3126,$);
#3128=IFCRECTANGLEPROFILEDEF(.AREA.,$,#3127,4.683333333333333,0.08);
#3129=IFCCARTESIANPOINT((0.,0.,0.));
#3130=IFCAXIS2PLACEMENT3D(#3129,#12,#13);
#3131=IFCEXTRUDEDAREASOLID(#3128,#3130,#12,3.3000000000000003);
#3132=IFCSTYLEDITEM(#3131,(#24),$);
#3133=IFCSHAPEREPRESENTATION(#15,'Body','SweptSolid',(#3131));
#3134=IFCPRODUCTDEFINITIONSHAPE($,$,(#3133));
#3135=IFCCARTESIANPOINT((-12.083333333333334,-9.9,28.5));
#3136=IFCAXIS2PLACEMENT3D(#3135,$,$);
#3137=IFCLOCALPLACEMENT(#2890,#3136);
#3138=IFCWINDOW('N9Ulk9ujOAUpQwYA0Ka9j4',#5,'Glazing L8',$,$,#3137,#3134,$,$,$);
#3139=IFCCARTESIANPOINT((0.,0.));
#3140=IFCAXIS2PLACEMENT2D(#3139,$);
#3141=IFCRECTANGLEPROFILEDEF(.AREA.,$,#3140,0.12,0.15);
#3142=IFCCARTESIANPOINT((0.,0.,0.));
#3143=IFCAXIS2PLACEMENT3D(#3142,#12,#13);
#3144=IFCEXTRUDEDAREASOLID(#3141,#3143,#12,3.7);
#3145=IFCSTYLEDITEM(#3144,(#27),$);
#3146=IFCSHAPEREPRESENTATION(#15,'Body','SweptSolid',(#3144));
#3147=IFCPRODUCTDEFINITIONSHAPE($,$,(#3146));
#3148=IFCCARTESIANPOINT((-14.5,-9.9,28.3));
#3149=IFCAXIS2PLACEMENT3D(#3148,$,$);
#3150=IFCLOCALPLACEMENT(#2890,#3149);
#3151=IFCPLATE('ybYF5XO0otJidpOAiSM9$b',#5,'Mullion L8',$,$,#3150,#3147,$,$);
#3152=IFCCARTESIANPOINT((0.,0.));
#3153=IFCAXIS2PLACEMENT2D(#3152,$);
#3154=IFCRECTANGLEPROFILEDEF(.AREA.,$,#3153,4.683333333333333,0.08);
#3155=IFCCARTESIANPOINT((0.,0.,0.));
#3156=IFCAXIS2PLACEMENT3D(#3155,#12,#13);
#3157=IFCEXTRUDEDAREASOLID(#3154,#3156,#12,3.3000000000000003);
#3158=IFCSTYLEDITEM(#3157,(#24),$);
#3159=IFCSHAPEREPRESENTATION(#15,'Body','SweptSolid',(#3157));
#3160=IFCPRODUCTDEFINITIONSHAPE($,$,(#3159));
#3161=IFCCARTESIANPOINT((-7.25,-9.9,28.5));
#3162=IFCAXIS2PLACEMENT3D(#3161,$,$);
#3163=IFCLOCALPLACEMENT(#2890,#3162);
#3164=IFCWINDOW('OE3BmduXAM4OG9qqcmZAkd',#5,'Glazing L8',$,$,#3163,#3160,$,$,$);
#3165=IFCCARTESIANPOINT((0.,0.));
#3166=IFCAXIS2PLACEMENT2D(#3165,$);
#3167=IFCRECTANGLEPROFILEDEF(.AREA.,$,#3166,0.12,0.15);
#3168=IFCCARTESIANPOINT((0.,0.,0.));
#3169=IFCAXIS2PLACEMENT3D(#3168,#12,#13);
#3170=IFCEXTRUDEDAREASOLID(#3167,#3169,#12,3.7);
#3171=IFCSTYLEDITEM(#3170,(#27),$);
#3172=IFCSHAPEREPRESENTATION(#15,'Body','SweptSolid',(#3170));
#3173=IFCPRODUCTDEFINITIONSHAPE($,$,(#3172));
#3174=IFCCARTESIANPOINT((-9.666666666666668,-9.9,28.3));
#3175=IFCAXIS2PLACEMENT3D(#3174,$,$);
#3176=IFCLOCALPLACEMENT(#2890,#3175);
#3177=IFCPLATE('jDX8808GamZSL5O3V4UOeg',#5,'Mullion L8',$,$,#3176,#3173,$,$);
#3178=IFCCARTESIANPOINT((0.,0.));
#3179=IFCAXIS2PLACEMENT2D(#3178,$);
#3180=IFCRECTANGLEPROFILEDEF(.AREA.,$,#3179,4.683333333333333,0.08);
#3181=IFCCARTESIANPOINT((0.,0.,0.));
#3182=IFCAXIS2PLACEMENT3D(#3181,#12,#13);
#3183=IFCEXTRUDEDAREASOLID(#3180,#3182,#12,3.3000000000000003);
#3184=IFCSTYLEDITEM(#3183,(#24),$);
#3185=IFCSHAPEREPRESENTATION(#15,'Body','SweptSolid',(#3183));
#3186=IFCPRODUCTDEFINITIONSHAPE($,$,(#3185));
#3187=IFCCARTESIANPOINT((-2.416666666666668,-9.9,28.5));
#3188=IFCAXIS2PLACEMENT3D(#3187,$,$);
#3189=IFCLOCALPLACEMENT(#2890,#3188);
#3190=IFCWINDOW('iRrPk8IpkIOQ4KQHi6i2z3',#5,'Glazing L8',$,$,#3189,#3186,$,$,$);
#3191=IFCCARTESIANPOINT((0.,0.));
#3192=IFCAXIS2PLACEMENT2D(#3191,$);
#3193=IFCRECTANGLEPROFILEDEF(.AREA.,$,#3192,0.12,0.15);
#3194=IFCCARTESIANPOINT((0.,0.,0.));
#3195=IFCAXIS2PLACEMENT3D(#3194,#12,#13);
#3196=IFCEXTRUDEDAREASOLID(#3193,#3195,#12,3.7);
#3197=IFCSTYLEDITEM(#3196,(#27),$);
#3198=IFCSHAPEREPRESENTATION(#15,'Body','SweptSolid',(#3196));
#3199=IFCPRODUCTDEFINITIONSHAPE($,$,(#3198));
#3200=IFCCARTESIANPOINT((-4.833333333333334,-9.9,28.3));
#3201=IFCAXIS2PLACEMENT3D(#3200,$,$);
#3202=IFCLOCALPLACEMENT(#2890,#3201);
#3203=IFCPLATE('K18NTsZ93I6YF12XSiF0nC',#5,'Mullion L8',$,$,#3202,#3199,$,$);
#3204=IFCCARTESIANPOINT((0.,0.));
#3205=IFCAXIS2PLACEMENT2D(#3204,$);
#3206=IFCRECTANGLEPROFILEDEF(.AREA.,$,#3205,4.683333333333333,0.08);
#3207=IFCCARTESIANPOINT((0.,0.,0.));
#3208=IFCAXIS2PLACEMENT3D(#3207,#12,#13);
#3209=IFCEXTRUDEDAREASOLID(#3206,#3208,#12,3.3000000000000003);
#3210=IFCSTYLEDITEM(#3209,(#24),$);
#3211=IFCSHAPEREPRESENTATION(#15,'Body','SweptSolid',(#3209));
#3212=IFCPRODUCTDEFINITIONSHAPE($,$,(#3211));
#3213=IFCCARTESIANPOINT((2.4166666666666643,-9.9,28.5));
#3214=IFCAXIS2PLACEMENT3D(#3213,$,$);
#3215=IFCLOCALPLACEMENT(#2890,#3214);
#3216=IFCWINDOW('CzXDsfLz_jmE5_OgHDH5dk',#5,'Glazing L8',$,$,#3215,#3212,$,$,$);
#3217=IFCCARTESIANPOINT((0.,0.));
#3218=IFCAXIS2PLACEMENT2D(#3217,$);
#3219=IFCRECTANGLEPROFILEDEF(.AREA.,$,#3218,0.12,0.15);
#3220=IFCCARTESIANPOINT((0.,0.,0.));
#3221=IFCAXIS2PLACEMENT3D(#3220,#12,#13);
#3222=IFCEXTRUDEDAREASOLID(#3219,#3221,#12,3.7);
#3223=IFCSTYLEDITEM(#3222,(#27),$);
#3224=IFCSHAPEREPRESENTATION(#15,'Body','SweptSolid',(#3222));
#3225=IFCPRODUCTDEFINITIONSHAPE($,$,(#3224));
#3226=IFCCARTESIANPOINT((0,-9.9,28.3));
#3227=IFCAXIS2PLACEMENT3D(#3226,$,$);
#3228=IFCLOCALPLACEMENT(#2890,#3227);
#3229=IFCPLATE('VADaIsxNuDU5aX7yhNIIt9',#5,'Mullion L8',$,$,#3228,#3225,$,$);
#3230=IFCCARTESIANPOINT((0.,0.));
#3231=IFCAXIS2PLACEMENT2D(#3230,$);
#3232=IFCRECTANGLEPROFILEDEF(.AREA.,$,#3231,4.683333333333333,0.08);
#3233=IFCCARTESIANPOINT((0.,0.,0.));
#3234=IFCAXIS2PLACEMENT3D(#3233,#12,#13);
#3235=IFCEXTRUDEDAREASOLID(#3232,#3234,#12,3.3000000000000003);
#3236=IFCSTYLEDITEM(#3235,(#24),$);
#3237=IFCSHAPEREPRESENTATION(#15,'Body','SweptSolid',(#3235));
#3238=IFCPRODUCTDEFINITIONSHAPE($,$,(#3237));
#3239=IFCCARTESIANPOINT((7.25,-9.9,28.5));
#3240=IFCAXIS2PLACEMENT3D(#3239,$,$);
#3241=IFCLOCALPLACEMENT(#2890,#3240);
#3242=IFCWINDOW('5SqzrLh4PaxsHqrLRaEZuH',#5,'Glazing L8',$,$,#3241,#3238,$,$,$);
#3243=IFCCARTESIANPOINT((0.,0.));
#3244=IFCAXIS2PLACEMENT2D(#3243,$);
#3245=IFCRECTANGLEPROFILEDEF(.AREA.,$,#3244,0.12,0.15);
#3246=IFCCARTESIANPOINT((0.,0.,0.));
#3247=IFCAXIS2PLACEMENT3D(#3246,#12,#13);
#3248=IFCEXTRUDEDAREASOLID(#3245,#3247,#12,3.7);
#3249=IFCSTYLEDITEM(#3248,(#27),$);
#3250=IFCSHAPEREPRESENTATION(#15,'Body','SweptSolid',(#3248));
#3251=IFCPRODUCTDEFINITIONSHAPE($,$,(#3250));
#3252=IFCCARTESIANPOINT((4.833333333333332,-9.9,28.3));
#3253=IFCAXIS2PLACEMENT3D(#3252,$,$);
#3254=IFCLOCALPLACEMENT(#2890,#3253);
#3255=IFCPLATE('UZUDi2O5l__u6o2HkGcfir',#5,'Mullion L8',$,$,#3254,#3251,$,$);
#3256=IFCCARTESIANPOINT((0.,0.));
#3257=IFCAXIS2PLACEMENT2D(#3256,$);
#3258=IFCRECTANGLEPROFILEDEF(.AREA.,$,#3257,4.683333333333333,0.08);
#3259=IFCCARTESIANPOINT((0.,0.,0.));
#3260=IFCAXIS2PLACEMENT3D(#3259,#12,#13);
#3261=IFCEXTRUDEDAREASOLID(#3258,#3260,#12,3.3000000000000003);
#3262=IFCSTYLEDITEM(#3261,(#24),$);
#3263=IFCSHAPEREPRESENTATION(#15,'Body','SweptSolid',(#3261));
#3264=IFCPRODUCTDEFINITIONSHAPE($,$,(#3263));
#3265=IFCCARTESIANPOINT((12.083333333333332,-9.9,28.5));
#3266=IFCAXIS2PLACEMENT3D(#3265,$,$);
#3267=IFCLOCALPLACEMENT(#2890,#3266);
#3268=IFCWINDOW('djmbZEHp3lQSQjwfK5V746',#5,'Glazing L8',$,$,#3267,#3264,$,$,$);
#3269=IFCCARTESIANPOINT((0.,0.));
#3270=IFCAXIS2PLACEMENT2D(#3269,$);
#3271=IFCRECTANGLEPROFILEDEF(.AREA.,$,#3270,0.12,0.15);
#3272=IFCCARTESIANPOINT((0.,0.,0.));
#3273=IFCAXIS2PLACEMENT3D(#3272,#12,#13);
#3274=IFCEXTRUDEDAREASOLID(#3271,#3273,#12,3.7);
#3275=IFCSTYLEDITEM(#3274,(#27),$);
#3276=IFCSHAPEREPRESENTATION(#15,'Body','SweptSolid',(#3274));
#3277=IFCPRODUCTDEFINITIONSHAPE($,$,(#3276));
#3278=IFCCARTESIANPOINT((9.666666666666664,-9.9,28.3));
#3279=IFCAXIS2PLACEMENT3D(#3278,$,$);
#3280=IFCLOCALPLACEMENT(#2890,#3279);
#3281=IFCPLATE('_J2XAeByc4bDKc3Ikim5uH',#5,'Mullion L8',$,$,#3280,#3277,$,$);
#3282=IFCCARTESIANPOINT((0.,0.));
#3283=IFCAXIS2PLACEMENT2D(#3282,$);
#3284=IFCRECTANGLEPROFILEDEF(.AREA.,$,#3283,29,0.15);
#3285=IFCCARTESIANPOINT((0.,0.,0.));
#3286=IFCAXIS2PLACEMENT3D(#3285,#12,#13);
#3287=IFCEXTRUDEDAREASOLID(#3284,#3286,#12,0.4);
#3288=IFCSTYLEDITEM(#3287,(#18),$);
#3289=IFCSHAPEREPRESENTATION(#15,'Body','SweptSolid',(#3287));
#3290=IFCPRODUCTDEFINITIONSHAPE($,$,(#3289));
#3291=IFCCARTESIANPOINT((0,-9.9,28.3));
#3292=IFCAXIS2PLACEMENT3D(#3291,$,$);
#3293=IFCLOCALPLACEMENT(#2890,#3292);
#3294=IFCPLATE('4IOtdARXes3gx4LmMtXwbD',#5,'Spandrel L8',$,$,#3293,#3290,$,$);
#3295=IFCPROJECT('aKvX_bAtdWL1Al1YYTYdDZ',#5,'Bassir Tower Project',$,$,$,$,(#15),#10);
#3296=IFCRELAGGREGATES('i5t3sumWE0a9E94jIQKG8L',#5,$,$,#3295,(#34));
#3297=IFCRELAGGREGATES('NsJzF0NZ1ddDHxTacJom$3',#5,$,$,#34,(#38));
#3298=IFCRELAGGREGATES('2pycjf6dTnvnN8q9wyD_6s',#5,$,$,#38,(#42,#449,#856,#1263,#1670,#2077,#2484,#2891));
#3299=IFCRELCONTAINEDINSPATIALSTRUCTURE('RhffX9ywtOLl7I5eOObDy0',#5,$,$,(#55,#68,#81,#94,#107,#120,#133,#146,#159,#172,#185,#198,#211,#224,#237,#250,#263,#276,#289,#302,#315,#328,#341,#354,#367,#380,#393,#406,#419,#432,#445),#42);
#3300=IFCRELCONTAINEDINSPATIALSTRUCTURE('wMj4xMS5lHLZO8quiDMnkL',#5,$,$,(#462,#475,#488,#501,#514,#527,#540,#553,#566,#579,#592,#605,#618,#631,#644,#657,#670,#683,#696,#709,#722,#735,#748,#761,#774,#787,#800,#813,#826,#839,#852),#449);
#3301=IFCRELCONTAINEDINSPATIALSTRUCTURE('FyhpzWjrmkkFUK6wT6JHMd',#5,$,$,(#869,#882,#895,#908,#921,#934,#947,#960,#973,#986,#999,#1012,#1025,#1038,#1051,#1064,#1077,#1090,#1103,#1116,#1129,#1142,#1155,#1168,#1181,#1194,#1207,#1220,#1233,#1246,#1259),#856);
#3302=IFCRELCONTAINEDINSPATIALSTRUCTURE('m1h$1iSoKfZACuNVILFKYy',#5,$,$,(#1276,#1289,#1302,#1315,#1328,#1341,#1354,#1367,#1380,#1393,#1406,#1419,#1432,#1445,#1458,#1471,#1484,#1497,#1510,#1523,#1536,#1549,#1562,#1575,#1588,#1601,#1614,#1627,#1640,#1653,#1666),#1263);
#3303=IFCRELCONTAINEDINSPATIALSTRUCTURE('E7DE27YVS3S2Ut4J_yQ9hu',#5,$,$,(#1683,#1696,#1709,#1722,#1735,#1748,#1761,#1774,#1787,#1800,#1813,#1826,#1839,#1852,#1865,#1878,#1891,#1904,#1917,#1930,#1943,#1956,#1969,#1982,#1995,#2008,#2021,#2034,#2047,#2060,#2073),#1670);
#3304=IFCRELCONTAINEDINSPATIALSTRUCTURE('bpd3BAXXXnZXr3_yKVux_Z',#5,$,$,(#2090,#2103,#2116,#2129,#2142,#2155,#2168,#2181,#2194,#2207,#2220,#2233,#2246,#2259,#2272,#2285,#2298,#2311,#2324,#2337,#2350,#2363,#2376,#2389,#2402,#2415,#2428,#2441,#2454,#2467,#2480),#2077);
#3305=IFCRELCONTAINEDINSPATIALSTRUCTURE('EOrN4VZWJh9HVT8UsWZbP$',#5,$,$,(#2497,#2510,#2523,#2536,#2549,#2562,#2575,#2588,#2601,#2614,#2627,#2640,#2653,#2666,#2679,#2692,#2705,#2718,#2731,#2744,#2757,#2770,#2783,#2796,#2809,#2822,#2835,#2848,#2861,#2874,#2887),#2484);
#3306=IFCRELCONTAINEDINSPATIALSTRUCTURE('OtqUnBCLpu1d7d0SGVrPjI',#5,$,$,(#2904,#2917,#2930,#2943,#2956,#2969,#2982,#2995,#3008,#3021,#3034,#3047,#3060,#3073,#3086,#3099,#3112,#3125,#3138,#3151,#3164,#3177,#3190,#3203,#3216,#3229,#3242,#3255,#3268,#3281,#3294),#2891);
ENDSEC;
END-ISO-10303-21;
